{
"type": "FeatureCollection",
"name": "wet_tropic_bioregion",
"crs": { "type": "name", "properties": { "name": "urn:ogc:def:crs:OGC:1.3:CRS84" } },
"features": [
{ "type": "Feature", "properties": { "Name": "Wet Tropics (WET)", "FolderPath": "Wet Tropics (WET) bioregion", "SymbolID": 0, "AltMode": 0, "Base": 0.0, "Clamped": -1, "Extruded": 0, "Snippet": null, "PopupInfo": "<p><a href=\"https://wetlandinfo.des.qld.gov.au/wetlands/facts-maps/bioregion-wet-tropics-wet/\" target=\"_blank\">View wetland summary information</a></p>", "Shape_Leng": 18.574170903199999, "Shape_Area": 1.6527580005 }, "geometry": { "type": "MultiPolygon", "coordinates": [ [ [ [ 144.89814, -16.19897, 0.0 ], [ 144.90073, -16.1947, 0.0 ], [ 144.89861, -16.19022, 0.0 ], [ 144.898550000000114, -16.18536, 0.0 ], [ 144.90032, -16.18426, 0.0 ], [ 144.89893, -16.18183, 0.0 ], [ 144.90021, -16.17811, 0.0 ], [ 144.9024, -16.17947, 0.0 ], [ 144.90401, -16.17662, 0.0 ], [ 144.89985, -16.17681, 0.0 ], [ 144.898910000000114, -16.17414, 0.0 ], [ 144.901750000000106, -16.17398, 0.0 ], [ 144.90132, -16.17257, 0.0 ], [ 144.90716, -16.16959, 0.0 ], [ 144.9139, -16.17065, 0.0 ], [ 144.91235, -16.16879, 0.0 ], [ 144.9156, -16.17118, 0.0 ], [ 144.91786, -16.17052, 0.0 ], [ 144.91718, -16.16859, 0.0 ], [ 144.91883, -16.16654, 0.0 ], [ 144.91649, -16.16531, 0.0 ], [ 144.916560000000118, -16.16381, 0.0 ], [ 144.92032, -16.16266, 0.0 ], [ 144.9224, -16.16407, 0.0 ], [ 144.92133, -16.16175, 0.0 ], [ 144.92445, -16.16263, 0.0 ], [ 144.924620000000118, -16.16074, 0.0 ], [ 144.92666, -16.16232, 0.0 ], [ 144.928900000000112, -16.1572, 0.0 ], [ 144.9268, -16.15342, 0.0 ], [ 144.928360000000112, -16.15308, 0.0 ], [ 144.92643, -16.15194, 0.0 ], [ 144.92828, -16.15139, 0.0 ], [ 144.92644, -16.1508, 0.0 ], [ 144.92745, -16.14918, 0.0 ], [ 144.93369, -16.14709, 0.0 ], [ 144.93593, -16.14801, 0.0 ], [ 144.934660000000122, -16.14559, 0.0 ], [ 144.9361, -16.14454, 0.0 ], [ 144.93582, -16.14144, 0.0 ], [ 144.93891, -16.14219, 0.0 ], [ 144.940380000000118, -16.14072, 0.0 ], [ 144.94117, -16.14255, 0.0 ], [ 144.94202, -16.14119, 0.0 ], [ 144.93907, -16.13911, 0.0 ], [ 144.93914, -16.13547, 0.0 ], [ 144.94185, -16.13148, 0.0 ], [ 144.94399, -16.13127, 0.0 ], [ 144.94104, -16.12746, 0.0 ], [ 144.94365, -16.12383, 0.0 ], [ 144.943, -16.12125, 0.0 ], [ 144.945650000000114, -16.11766, 0.0 ], [ 144.94816, -16.1172, 0.0 ], [ 144.946280000000115, -16.11252, 0.0 ], [ 144.94916000000012, -16.11377, 0.0 ], [ 144.95008, -16.11211, 0.0 ], [ 144.94958, -16.1086, 0.0 ], [ 144.95107, -16.10855, 0.0 ], [ 144.95044, -16.10645, 0.0 ], [ 144.948310000000106, -16.10623, 0.0 ], [ 144.95518, -16.09936, 0.0 ], [ 144.95951, -16.09766, 0.0 ], [ 144.9602000000001, -16.09473, 0.0 ], [ 144.96251, -16.09496, 0.0 ], [ 144.961010000000101, -16.0937, 0.0 ], [ 144.96412, -16.09239, 0.0 ], [ 144.96676, -16.09317, 0.0 ], [ 144.96921, -16.09076, 0.0 ], [ 144.96957, -16.08427, 0.0 ], [ 144.97841, -16.08378, 0.0 ], [ 144.98855, -16.08546, 0.0 ], [ 144.987930000000119, -16.08835, 0.0 ], [ 144.99297, -16.08933, 0.0 ], [ 144.992170000000101, -16.09042, 0.0 ], [ 144.99552, -16.09577, 0.0 ], [ 145.00386, -16.09954, 0.0 ], [ 145.00219, -16.09999, 0.0 ], [ 145.00672, -16.10592, 0.0 ], [ 145.01223, -16.10695, 0.0 ], [ 145.02132, -16.1123, 0.0 ], [ 145.02806, -16.11171, 0.0 ], [ 145.029900000000112, -16.11645, 0.0 ], [ 145.033320000000117, -16.11498, 0.0 ], [ 145.03757, -16.1168, 0.0 ], [ 145.04418, -16.12228, 0.0 ], [ 145.03902, -16.12214, 0.0 ], [ 145.05061000000012, -16.12613, 0.0 ], [ 145.05463, -16.12497, 0.0 ], [ 145.05465, -16.12365, 0.0 ], [ 145.050480000000107, -16.12201, 0.0 ], [ 145.05014, -16.11973, 0.0 ], [ 145.04797, -16.119, 0.0 ], [ 145.04806, -16.11515, 0.0 ], [ 145.04554, -16.11597, 0.0 ], [ 145.04489, -16.11328, 0.0 ], [ 145.043680000000109, -16.11391, 0.0 ], [ 145.04209, -16.11146, 0.0 ], [ 145.04367, -16.10849, 0.0 ], [ 145.04327000000012, -16.10478, 0.0 ], [ 145.0413, -16.1046, 0.0 ], [ 145.04076, -16.10101, 0.0 ], [ 145.04517, -16.09366, 0.0 ], [ 145.04401, -16.08859, 0.0 ], [ 145.05071, -16.08949, 0.0 ], [ 145.05321, -16.09688, 0.0 ], [ 145.05923, -16.09981, 0.0 ], [ 145.060790000000111, -16.09905, 0.0 ], [ 145.064710000000105, -16.10272, 0.0 ], [ 145.06544, -16.10119, 0.0 ], [ 145.06777000000011, -16.10153, 0.0 ], [ 145.0697100000001, -16.09769, 0.0 ], [ 145.0719, -16.09677, 0.0 ], [ 145.07442, -16.0982, 0.0 ], [ 145.07255, -16.09983, 0.0 ], [ 145.0776, -16.10009, 0.0 ], [ 145.078580000000102, -16.09923, 0.0 ], [ 145.07437, -16.09579, 0.0 ], [ 145.079880000000117, -16.09604, 0.0 ], [ 145.08219, -16.09137, 0.0 ], [ 145.08477, -16.09078, 0.0 ], [ 145.08391, -16.08928, 0.0 ], [ 145.08057, -16.08995, 0.0 ], [ 145.08382, -16.08851, 0.0 ], [ 145.08354, -16.08466, 0.0 ], [ 145.08008, -16.08254, 0.0 ], [ 145.080510000000118, -16.07929, 0.0 ], [ 145.07834, -16.07532, 0.0 ], [ 145.07945, -16.07378, 0.0 ], [ 145.07747, -16.07304, 0.0 ], [ 145.079750000000104, -16.07157, 0.0 ], [ 145.08068, -16.06525, 0.0 ], [ 145.07788, -16.06336, 0.0 ], [ 145.07971, -16.06088, 0.0 ], [ 145.07647, -16.0574, 0.0 ], [ 145.07968, -16.05505, 0.0 ], [ 145.074, -16.05589, 0.0 ], [ 145.06946, -16.04767, 0.0 ], [ 145.064300000000117, -16.04453, 0.0 ], [ 145.06288, -16.03641, 0.0 ], [ 145.059710000000109, -16.0362, 0.0 ], [ 145.05685, -16.03396, 0.0 ], [ 145.05285, -16.02688, 0.0 ], [ 145.05362, -16.02547, 0.0 ], [ 145.055520000000115, -16.02582, 0.0 ], [ 145.059, -16.02935, 0.0 ], [ 145.05838, -16.03063, 0.0 ], [ 145.06684, -16.03342, 0.0 ], [ 145.06749, -16.03477, 0.0 ], [ 145.06542, -16.03526, 0.0 ], [ 145.06689, -16.03717, 0.0 ], [ 145.07387, -16.04025, 0.0 ], [ 145.07566, -16.03963, 0.0 ], [ 145.07491, -16.03344, 0.0 ], [ 145.0691, -16.02618, 0.0 ], [ 145.06945, -16.0223, 0.0 ], [ 145.06722, -16.01914, 0.0 ], [ 145.06822000000011, -16.0155, 0.0 ], [ 145.066780000000108, -16.01486, 0.0 ], [ 145.06799, -16.01291, 0.0 ], [ 145.063540000000103, -16.00741, 0.0 ], [ 145.06321, -16.00323, 0.0 ], [ 145.06693, -16.00312, 0.0 ], [ 145.06888, -16.00093, 0.0 ], [ 145.07293, -16.00148, 0.0 ], [ 145.07316, -16.00356, 0.0 ], [ 145.075290000000109, -16.00273, 0.0 ], [ 145.07809, -16.00478, 0.0 ], [ 145.07715, -16.00808, 0.0 ], [ 145.07949, -16.00815, 0.0 ], [ 145.08115, -16.00602, 0.0 ], [ 145.0805, -16.0044, 0.0 ], [ 145.0785, -16.00495, 0.0 ], [ 145.07917, -16.00208, 0.0 ], [ 145.08593, -15.99919, 0.0 ], [ 145.086320000000114, -15.99652, 0.0 ], [ 145.08831, -15.99652, 0.0 ], [ 145.08818, -15.9942, 0.0 ], [ 145.09031, -15.99397, 0.0 ], [ 145.09095, -15.99579, 0.0 ], [ 145.09256, -15.99352, 0.0 ], [ 145.09094, -15.99131, 0.0 ], [ 145.09273, -15.99252, 0.0 ], [ 145.09427, -15.99126, 0.0 ], [ 145.0904, -15.98248, 0.0 ], [ 145.08888, -15.98338, 0.0 ], [ 145.08946, -15.98217, 0.0 ], [ 145.08639, -15.98187, 0.0 ], [ 145.087360000000103, -15.98073, 0.0 ], [ 145.085830000000101, -15.98117, 0.0 ], [ 145.08674, -15.97969, 0.0 ], [ 145.08495, -15.97868, 0.0 ], [ 145.08636, -15.97762, 0.0 ], [ 145.08201, -15.97485, 0.0 ], [ 145.08315, -15.97231, 0.0 ], [ 145.08455, -15.97244, 0.0 ], [ 145.080960000000118, -15.96782, 0.0 ], [ 145.08383, -15.96428, 0.0 ], [ 145.08311, -15.96104, 0.0 ], [ 145.081100000000106, -15.96199, 0.0 ], [ 145.08046, -15.96061, 0.0 ], [ 145.0812, -15.95378, 0.0 ], [ 145.07954, -15.95406, 0.0 ], [ 145.07944, -15.95262, 0.0 ], [ 145.08093, -15.95311, 0.0 ], [ 145.079300000000103, -15.95149, 0.0 ], [ 145.08077, -15.95154, 0.0 ], [ 145.08175, -15.94779, 0.0 ], [ 145.082900000000109, -15.94817, 0.0 ], [ 145.08134, -15.94689, 0.0 ], [ 145.08282, -15.94513, 0.0 ], [ 145.08093, -15.94445, 0.0 ], [ 145.08257, -15.94185, 0.0 ], [ 145.08053, -15.94048, 0.0 ], [ 145.08133, -15.93864, 0.0 ], [ 145.07825, -15.94106, 0.0 ], [ 145.08194, -15.9374, 0.0 ], [ 145.08077, -15.93571, 0.0 ], [ 145.08346, -15.93433, 0.0 ], [ 145.0775900000001, -15.92856, 0.0 ], [ 145.07955, -15.92601, 0.0 ], [ 145.07789, -15.92449, 0.0 ], [ 145.07937, -15.9237, 0.0 ], [ 145.07713, -15.92342, 0.0 ], [ 145.07886, -15.92254, 0.0 ], [ 145.07671, -15.92119, 0.0 ], [ 145.07815, -15.92068, 0.0 ], [ 145.07722, -15.91961, 0.0 ], [ 145.07836, -15.91802, 0.0 ], [ 145.07542, -15.91761, 0.0 ], [ 145.07476, -15.91598, 0.0 ], [ 145.07657, -15.9164, 0.0 ], [ 145.07494, -15.91425, 0.0 ], [ 145.07811, -15.91171, 0.0 ], [ 145.07604, -15.91081, 0.0 ], [ 145.07807, -15.90732, 0.0 ], [ 145.0794, -15.90868, 0.0 ], [ 145.081640000000107, -15.90777, 0.0 ], [ 145.085510000000113, -15.91128, 0.0 ], [ 145.08729, -15.91004, 0.0 ], [ 145.088800000000106, -15.91302, 0.0 ], [ 145.08621, -15.91294, 0.0 ], [ 145.08883, -15.91577, 0.0 ], [ 145.0908, -15.92146, 0.0 ], [ 145.08954, -15.92083, 0.0 ], [ 145.089610000000107, -15.92251, 0.0 ], [ 145.096770000000106, -15.9247, 0.0 ], [ 145.09244, -15.91352, 0.0 ], [ 145.0945, -15.91291, 0.0 ], [ 145.09644, -15.916, 0.0 ], [ 145.10209, -15.91398, 0.0 ], [ 145.10237, -15.9082, 0.0 ], [ 145.09882, -15.90571, 0.0 ], [ 145.1011400000001, -15.90194, 0.0 ], [ 145.09841, -15.89836, 0.0 ], [ 145.095, -15.89919, 0.0 ], [ 145.095730000000117, -15.89714, 0.0 ], [ 145.09422, -15.8966, 0.0 ], [ 145.09629, -15.89378, 0.0 ], [ 145.09572, -15.89185, 0.0 ], [ 145.0994, -15.88779, 0.0 ], [ 145.100190000000111, -15.89018, 0.0 ], [ 145.10189, -15.8899, 0.0 ], [ 145.09855, -15.89362, 0.0 ], [ 145.10518, -15.89261, 0.0 ], [ 145.104740000000106, -15.8941, 0.0 ], [ 145.11007, -15.89749, 0.0 ], [ 145.11097, -15.90064, 0.0 ], [ 145.11357, -15.89605, 0.0 ], [ 145.11286, -15.89383, 0.0 ], [ 145.11311000000012, -15.89298, 0.0 ], [ 145.11391, -15.89445, 0.0 ], [ 145.1188, -15.89416, 0.0 ], [ 145.11788, -15.89632, 0.0 ], [ 145.12006, -15.89409, 0.0 ], [ 145.11971, -15.89231, 0.0 ], [ 145.1211, -15.89451, 0.0 ], [ 145.12362, -15.89351, 0.0 ], [ 145.12641, -15.88343, 0.0 ], [ 145.13278, -15.88586, 0.0 ], [ 145.136390000000119, -15.89107, 0.0 ], [ 145.135540000000105, -15.89179, 0.0 ], [ 145.13801, -15.89242, 0.0 ], [ 145.13913, -15.88979, 0.0 ], [ 145.14309, -15.88855, 0.0 ], [ 145.14493, -15.89097, 0.0 ], [ 145.14547, -15.88718, 0.0 ], [ 145.136710000000107, -15.88098, 0.0 ], [ 145.13539, -15.87616, 0.0 ], [ 145.13744, -15.87457, 0.0 ], [ 145.13633, -15.8723, 0.0 ], [ 145.13735, -15.87012, 0.0 ], [ 145.14098, -15.869, 0.0 ], [ 145.1398200000001, -15.86616, 0.0 ], [ 145.15126, -15.86704, 0.0 ], [ 145.15263, -15.86569, 0.0 ], [ 145.150170000000116, -15.86355, 0.0 ], [ 145.151430000000119, -15.86205, 0.0 ], [ 145.14858, -15.86308, 0.0 ], [ 145.14634, -15.86039, 0.0 ], [ 145.1439, -15.86242, 0.0 ], [ 145.14092, -15.86163, 0.0 ], [ 145.13835, -15.86272, 0.0 ], [ 145.13683, -15.86655, 0.0 ], [ 145.13682, -15.8643, 0.0 ], [ 145.13173, -15.86786, 0.0 ], [ 145.13037, -15.8665, 0.0 ], [ 145.1287, -15.86752, 0.0 ], [ 145.12978, -15.86492, 0.0 ], [ 145.12682, -15.86334, 0.0 ], [ 145.126940000000104, -15.86568, 0.0 ], [ 145.12498, -15.86619, 0.0 ], [ 145.12279, -15.86219, 0.0 ], [ 145.11715, -15.86449, 0.0 ], [ 145.11952, -15.86295, 0.0 ], [ 145.11839, -15.8619, 0.0 ], [ 145.11943, -15.86115, 0.0 ], [ 145.11671, -15.86002, 0.0 ], [ 145.11544, -15.8613, 0.0 ], [ 145.11494, -15.85739, 0.0 ], [ 145.11141, -15.85443, 0.0 ], [ 145.11557, -15.85568, 0.0 ], [ 145.11992, -15.8542, 0.0 ], [ 145.12336, -15.85764, 0.0 ], [ 145.12531, -15.85623, 0.0 ], [ 145.12841, -15.85837, 0.0 ], [ 145.13337, -15.85579, 0.0 ], [ 145.13265, -15.84939, 0.0 ], [ 145.14056, -15.85116, 0.0 ], [ 145.14376, -15.84927, 0.0 ], [ 145.14293, -15.8482, 0.0 ], [ 145.14451, -15.84827, 0.0 ], [ 145.14583, -15.84499, 0.0 ], [ 145.14335, -15.84417, 0.0 ], [ 145.140760000000114, -15.84674, 0.0 ], [ 145.1388, -15.84625, 0.0 ], [ 145.13944, -15.84083, 0.0 ], [ 145.13312, -15.84174, 0.0 ], [ 145.13308, -15.83711, 0.0 ], [ 145.129820000000109, -15.83839, 0.0 ], [ 145.12459, -15.83492, 0.0 ], [ 145.12298, -15.82738, 0.0 ], [ 145.11719, -15.8232, 0.0 ], [ 145.11918, -15.82157, 0.0 ], [ 145.12812, -15.82033, 0.0 ], [ 145.13209, -15.823, 0.0 ], [ 145.14025, -15.82391, 0.0 ], [ 145.1378, -15.82025, 0.0 ], [ 145.14437, -15.82452, 0.0 ], [ 145.14674, -15.82313, 0.0 ], [ 145.14514, -15.82139, 0.0 ], [ 145.14375, -15.82229, 0.0 ], [ 145.14271, -15.81948, 0.0 ], [ 145.14651, -15.81925, 0.0 ], [ 145.14766, -15.82217, 0.0 ], [ 145.14893, -15.82049, 0.0 ], [ 145.15771, -15.82023, 0.0 ], [ 145.16023, -15.8183, 0.0 ], [ 145.167460000000119, -15.82106, 0.0 ], [ 145.16642, -15.8165, 0.0 ], [ 145.16126, -15.81203, 0.0 ], [ 145.15839, -15.81178, 0.0 ], [ 145.15676, -15.8098, 0.0 ], [ 145.15758, -15.8079, 0.0 ], [ 145.156120000000101, -15.80773, 0.0 ], [ 145.15723, -15.80724, 0.0 ], [ 145.15503, -15.80662, 0.0 ], [ 145.15758, -15.80601, 0.0 ], [ 145.155940000000101, -15.80493, 0.0 ], [ 145.158860000000118, -15.80357, 0.0 ], [ 145.16013, -15.80567, 0.0 ], [ 145.16192, -15.8044, 0.0 ], [ 145.16423, -15.80573, 0.0 ], [ 145.16171, -15.80589, 0.0 ], [ 145.163680000000113, -15.8084, 0.0 ], [ 145.16179000000011, -15.80915, 0.0 ], [ 145.16767, -15.80945, 0.0 ], [ 145.1682, -15.80691, 0.0 ], [ 145.16615, -15.80792, 0.0 ], [ 145.16777, -15.80652, 0.0 ], [ 145.16691, -15.80378, 0.0 ], [ 145.16155, -15.80193, 0.0 ], [ 145.15858, -15.79872, 0.0 ], [ 145.16165, -15.79534, 0.0 ], [ 145.15834, -15.79337, 0.0 ], [ 145.16037, -15.78979, 0.0 ], [ 145.16258, -15.79014, 0.0 ], [ 145.16105, -15.78913, 0.0 ], [ 145.1636400000001, -15.78886, 0.0 ], [ 145.16773000000012, -15.78435, 0.0 ], [ 145.170840000000112, -15.78414, 0.0 ], [ 145.172730000000115, -15.78602, 0.0 ], [ 145.170930000000112, -15.78646, 0.0 ], [ 145.17542, -15.79029, 0.0 ], [ 145.17558, -15.79257, 0.0 ], [ 145.1785, -15.79069, 0.0 ], [ 145.17788, -15.78986, 0.0 ], [ 145.18283, -15.78947, 0.0 ], [ 145.1861, -15.78555, 0.0 ], [ 145.18537, -15.78303, 0.0 ], [ 145.188000000000102, -15.78322, 0.0 ], [ 145.1869200000001, -15.77974, 0.0 ], [ 145.18498000000011, -15.78062, 0.0 ], [ 145.187050000000113, -15.77694, 0.0 ], [ 145.19715, -15.77362, 0.0 ], [ 145.20118, -15.77781, 0.0 ], [ 145.20107, -15.7746, 0.0 ], [ 145.204570000000103, -15.76987, 0.0 ], [ 145.20863, -15.7693, 0.0 ], [ 145.2121, -15.77147, 0.0 ], [ 145.21273, -15.76915, 0.0 ], [ 145.21525, -15.76795, 0.0 ], [ 145.213930000000119, -15.76623, 0.0 ], [ 145.215690000000109, -15.7664, 0.0 ], [ 145.21787, -15.76327, 0.0 ], [ 145.21665, -15.76262, 0.0 ], [ 145.21795, -15.76144, 0.0 ], [ 145.21568, -15.76156, 0.0 ], [ 145.21458, -15.75954, 0.0 ], [ 145.21273, -15.76055, 0.0 ], [ 145.21153, -15.75821, 0.0 ], [ 145.21098, -15.76052, 0.0 ], [ 145.20391, -15.75978, 0.0 ], [ 145.20644, -15.76126, 0.0 ], [ 145.205650000000105, -15.76224, 0.0 ], [ 145.20321, -15.76019, 0.0 ], [ 145.204210000000103, -15.76469, 0.0 ], [ 145.20307, -15.76591, 0.0 ], [ 145.20152, -15.75956, 0.0 ], [ 145.20008, -15.75949, 0.0 ], [ 145.19951, -15.76186, 0.0 ], [ 145.199120000000107, -15.7596, 0.0 ], [ 145.19746, -15.76141, 0.0 ], [ 145.1971, -15.75751, 0.0 ], [ 145.19545, -15.75637, 0.0 ], [ 145.19695, -15.75106, 0.0 ], [ 145.19435, -15.75136, 0.0 ], [ 145.19135, -15.74864, 0.0 ], [ 145.1928, -15.74756, 0.0 ], [ 145.19185, -15.74279, 0.0 ], [ 145.197720000000118, -15.74392, 0.0 ], [ 145.19841, -15.7453, 0.0 ], [ 145.20154, -15.74464, 0.0 ], [ 145.20009, -15.74305, 0.0 ], [ 145.1999, -15.73942, 0.0 ], [ 145.20113, -15.73939, 0.0 ], [ 145.19923, -15.73551, 0.0 ], [ 145.19998, -15.73179, 0.0 ], [ 145.20052, -15.73403, 0.0 ], [ 145.2102000000001, -15.73687, 0.0 ], [ 145.2092, -15.73905, 0.0 ], [ 145.211680000000115, -15.73916, 0.0 ], [ 145.209880000000112, -15.74014, 0.0 ], [ 145.21117, -15.74093, 0.0 ], [ 145.21022, -15.74223, 0.0 ], [ 145.21255, -15.74453, 0.0 ], [ 145.21365, -15.74262, 0.0 ], [ 145.21598, -15.74385, 0.0 ], [ 145.21577, -15.74763, 0.0 ], [ 145.21725, -15.74904, 0.0 ], [ 145.21547, -15.75045, 0.0 ], [ 145.21954, -15.75003, 0.0 ], [ 145.22103, -15.74744, 0.0 ], [ 145.22291, -15.7473, 0.0 ], [ 145.22039, -15.74467, 0.0 ], [ 145.22422, -15.74234, 0.0 ], [ 145.22306, -15.73786, 0.0 ], [ 145.22712, -15.72889, 0.0 ], [ 145.22679, -15.72757, 0.0 ], [ 145.2253, -15.72876, 0.0 ], [ 145.223840000000109, -15.72823, 0.0 ], [ 145.22453, -15.72693, 0.0 ], [ 145.222080000000119, -15.72672, 0.0 ], [ 145.22296, -15.72502, 0.0 ], [ 145.2205, -15.72032, 0.0 ], [ 145.22215, -15.71977, 0.0 ], [ 145.22198, -15.71677, 0.0 ], [ 145.21859, -15.71392, 0.0 ], [ 145.21892, -15.7108, 0.0 ], [ 145.21483000000012, -15.71099, 0.0 ], [ 145.21895, -15.70845, 0.0 ], [ 145.21666, -15.70682, 0.0 ], [ 145.21991, -15.70293, 0.0 ], [ 145.228430000000117, -15.70471, 0.0 ], [ 145.23193, -15.70878, 0.0 ], [ 145.23338, -15.70832, 0.0 ], [ 145.23255, -15.71065, 0.0 ], [ 145.235680000000116, -15.71319, 0.0 ], [ 145.237030000000118, -15.71148, 0.0 ], [ 145.2393, -15.71258, 0.0 ], [ 145.24291, -15.71105, 0.0 ], [ 145.24152, -15.70838, 0.0 ], [ 145.243470000000116, -15.70661, 0.0 ], [ 145.24111, -15.70229, 0.0 ], [ 145.24373, -15.70314, 0.0 ], [ 145.245050000000106, -15.70569, 0.0 ], [ 145.24749, -15.70328, 0.0 ], [ 145.24702, -15.70005, 0.0 ], [ 145.24849, -15.6999, 0.0 ], [ 145.2488, -15.69655, 0.0 ], [ 145.2416, -15.69333, 0.0 ], [ 145.23853, -15.69403, 0.0 ], [ 145.239190000000121, -15.69289, 0.0 ], [ 145.236090000000104, -15.69104, 0.0 ], [ 145.23614, -15.68825, 0.0 ], [ 145.23222, -15.68618, 0.0 ], [ 145.233, -15.68384, 0.0 ], [ 145.23088, -15.684, 0.0 ], [ 145.22748, -15.68037, 0.0 ], [ 145.2218, -15.68055, 0.0 ], [ 145.21945, -15.67882, 0.0 ], [ 145.219290000000115, -15.67584, 0.0 ], [ 145.21697, -15.6756, 0.0 ], [ 145.21942, -15.66544, 0.0 ], [ 145.21719, -15.66247, 0.0 ], [ 145.21913, -15.66127, 0.0 ], [ 145.2182, -15.6606, 0.0 ], [ 145.220690000000104, -15.65532, 0.0 ], [ 145.21721, -15.65506, 0.0 ], [ 145.21526, -15.65702, 0.0 ], [ 145.21413, -15.65484, 0.0 ], [ 145.214070000000106, -15.65126, 0.0 ], [ 145.21616, -15.64872, 0.0 ], [ 145.21202, -15.63532, 0.0 ], [ 145.21719, -15.6381, 0.0 ], [ 145.22345, -15.6499, 0.0 ], [ 145.22617, -15.64824, 0.0 ], [ 145.227980000000116, -15.65035, 0.0 ], [ 145.230950000000121, -15.64901, 0.0 ], [ 145.23587, -15.65149, 0.0 ], [ 145.23871, -15.65775, 0.0 ], [ 145.23529, -15.66016, 0.0 ], [ 145.23503, -15.66262, 0.0 ], [ 145.23666, -15.66396, 0.0 ], [ 145.23396, -15.66534, 0.0 ], [ 145.237210000000118, -15.66741, 0.0 ], [ 145.240500000000111, -15.67422, 0.0 ], [ 145.24452, -15.67463, 0.0 ], [ 145.24476, -15.67598, 0.0 ], [ 145.25031, -15.67502, 0.0 ], [ 145.251170000000116, -15.67835, 0.0 ], [ 145.24907, -15.68095, 0.0 ], [ 145.24954, -15.68256, 0.0 ], [ 145.250540000000115, -15.68047, 0.0 ], [ 145.25508, -15.68009, 0.0 ], [ 145.259370000000104, -15.67673, 0.0 ], [ 145.2611, -15.67855, 0.0 ], [ 145.261260000000107, -15.67614, 0.0 ], [ 145.26541, -15.67845, 0.0 ], [ 145.27161, -15.67316, 0.0 ], [ 145.27317, -15.67357, 0.0 ], [ 145.273960000000102, -15.67858, 0.0 ], [ 145.27579, -15.67975, 0.0 ], [ 145.27743, -15.67503, 0.0 ], [ 145.2803, -15.67672, 0.0 ], [ 145.2807, -15.67373, 0.0 ], [ 145.283410000000117, -15.6714, 0.0 ], [ 145.28761, -15.67073, 0.0 ], [ 145.29282000000012, -15.66659, 0.0 ], [ 145.29798, -15.66632, 0.0 ], [ 145.30246000000011, -15.66948, 0.0 ], [ 145.30313, -15.66815, 0.0 ], [ 145.309170000000108, -15.66885, 0.0 ], [ 145.312370000000101, -15.67134, 0.0 ], [ 145.312140000000113, -15.6666, 0.0 ], [ 145.31794, -15.66755, 0.0 ], [ 145.31753, -15.66229, 0.0 ], [ 145.31418, -15.6597, 0.0 ], [ 145.31279, -15.66097, 0.0 ], [ 145.30963, -15.65993, 0.0 ], [ 145.306920000000105, -15.65258, 0.0 ], [ 145.30465, -15.65399, 0.0 ], [ 145.30166, -15.65233, 0.0 ], [ 145.30213, -15.65098, 0.0 ], [ 145.30064, -15.65225, 0.0 ], [ 145.29686, -15.65028, 0.0 ], [ 145.29458000000011, -15.65122, 0.0 ], [ 145.29265, -15.6488, 0.0 ], [ 145.29046, -15.64961, 0.0 ], [ 145.29019, -15.64689, 0.0 ], [ 145.287420000000111, -15.64629, 0.0 ], [ 145.28583, -15.64353, 0.0 ], [ 145.28457, -15.64517, 0.0 ], [ 145.28235, -15.64329, 0.0 ], [ 145.281300000000101, -15.64467, 0.0 ], [ 145.27989, -15.64085, 0.0 ], [ 145.27822, -15.6415, 0.0 ], [ 145.28006, -15.63744, 0.0 ], [ 145.27914, -15.63598, 0.0 ], [ 145.276660000000106, -15.63735, 0.0 ], [ 145.27384, -15.63599, 0.0 ], [ 145.27399, -15.63432, 0.0 ], [ 145.27176, -15.63577, 0.0 ], [ 145.27161, -15.63425, 0.0 ], [ 145.259230000000116, -15.63646, 0.0 ], [ 145.25223, -15.63557, 0.0 ], [ 145.251220000000103, -15.63335, 0.0 ], [ 145.2389, -15.62879, 0.0 ], [ 145.23959, -15.6245, 0.0 ], [ 145.24507, -15.62742, 0.0 ], [ 145.24608000000012, -15.62593, 0.0 ], [ 145.251080000000115, -15.62576, 0.0 ], [ 145.2564, -15.62756, 0.0 ], [ 145.25672, -15.62637, 0.0 ], [ 145.25264, -15.62337, 0.0 ], [ 145.25493, -15.6227, 0.0 ], [ 145.25614, -15.62403, 0.0 ], [ 145.25886, -15.62254, 0.0 ], [ 145.25364, -15.62088, 0.0 ], [ 145.24656, -15.6155, 0.0 ], [ 145.2393, -15.61359, 0.0 ], [ 145.24008, -15.61022, 0.0 ], [ 145.23679, -15.60964, 0.0 ], [ 145.23302, -15.60515, 0.0 ], [ 145.23083, -15.59759, 0.0 ], [ 145.221450000000118, -15.58382, 0.0 ], [ 145.2264, -15.58502, 0.0 ], [ 145.22466, -15.57978, 0.0 ], [ 145.22577, -15.57852, 0.0 ], [ 145.22674, -15.57966, 0.0 ], [ 145.228750000000105, -15.58309, 0.0 ], [ 145.230370000000107, -15.58325, 0.0 ], [ 145.23027, -15.58831, 0.0 ], [ 145.227710000000116, -15.58835, 0.0 ], [ 145.23588, -15.59648, 0.0 ], [ 145.23884, -15.60315, 0.0 ], [ 145.2418100000001, -15.60413, 0.0 ], [ 145.242480000000114, -15.60281, 0.0 ], [ 145.24237, -15.60478, 0.0 ], [ 145.24369, -15.60516, 0.0 ], [ 145.247070000000122, -15.60398, 0.0 ], [ 145.24677, -15.60741, 0.0 ], [ 145.24857, -15.60968, 0.0 ], [ 145.25147, -15.60823, 0.0 ], [ 145.25073, -15.6094, 0.0 ], [ 145.2538, -15.61098, 0.0 ], [ 145.25569, -15.60989, 0.0 ], [ 145.25894, -15.61221, 0.0 ], [ 145.26638, -15.61203, 0.0 ], [ 145.27141, -15.61642, 0.0 ], [ 145.276250000000118, -15.6155, 0.0 ], [ 145.27515, -15.61214, 0.0 ], [ 145.27596, -15.61183, 0.0 ], [ 145.27879, -15.6166, 0.0 ], [ 145.28027, -15.61598, 0.0 ], [ 145.28264, -15.61804, 0.0 ], [ 145.28405, -15.61689, 0.0 ], [ 145.28653, -15.62312, 0.0 ], [ 145.29166, -15.62207, 0.0 ], [ 145.29362, -15.62407, 0.0 ], [ 145.29536, -15.62294, 0.0 ], [ 145.29177, -15.63023, 0.0 ], [ 145.29383, -15.63152, 0.0 ], [ 145.29554, -15.63068, 0.0 ], [ 145.29667, -15.63302, 0.0 ], [ 145.3011, -15.63501, 0.0 ], [ 145.30135, -15.63183, 0.0 ], [ 145.304620000000114, -15.63057, 0.0 ], [ 145.30375, -15.62688, 0.0 ], [ 145.30663, -15.62688, 0.0 ], [ 145.30483, -15.62562, 0.0 ], [ 145.306690000000117, -15.62364, 0.0 ], [ 145.30502, -15.62047, 0.0 ], [ 145.30853, -15.61819, 0.0 ], [ 145.307410000000118, -15.61678, 0.0 ], [ 145.30844, -15.61004, 0.0 ], [ 145.30702, -15.6104, 0.0 ], [ 145.30673, -15.60789, 0.0 ], [ 145.308090000000107, -15.6053, 0.0 ], [ 145.31085, -15.60387, 0.0 ], [ 145.31374, -15.60479, 0.0 ], [ 145.31278, -15.60046, 0.0 ], [ 145.3169, -15.59841, 0.0 ], [ 145.32185, -15.59956, 0.0 ], [ 145.3264, -15.60401, 0.0 ], [ 145.32651, -15.60577, 0.0 ], [ 145.32345, -15.60333, 0.0 ], [ 145.32004, -15.60387, 0.0 ], [ 145.32019, -15.60734, 0.0 ], [ 145.3174, -15.60654, 0.0 ], [ 145.31634, -15.60836, 0.0 ], [ 145.31494, -15.61472, 0.0 ], [ 145.31814, -15.62257, 0.0 ], [ 145.31994, -15.63356, 0.0 ], [ 145.31497, -15.63837, 0.0 ], [ 145.31218, -15.64429, 0.0 ], [ 145.31728, -15.65394, 0.0 ], [ 145.33351, -15.66299, 0.0 ], [ 145.332180000000108, -15.66668, 0.0 ], [ 145.33516, -15.6716, 0.0 ], [ 145.33366, -15.67475, 0.0 ], [ 145.3358, -15.68219, 0.0 ], [ 145.338840000000118, -15.68365, 0.0 ], [ 145.345190000000116, -15.69378, 0.0 ], [ 145.3508, -15.69737, 0.0 ], [ 145.35507, -15.7085, 0.0 ], [ 145.36153, -15.7194, 0.0 ], [ 145.36169, -15.72436, 0.0 ], [ 145.3664500000001, -15.73745, 0.0 ], [ 145.365410000000111, -15.73999, 0.0 ], [ 145.36756, -15.7486, 0.0 ], [ 145.36624, -15.75803, 0.0 ], [ 145.36886, -15.76311, 0.0 ], [ 145.36444, -15.77707, 0.0 ], [ 145.35896, -15.78398, 0.0 ], [ 145.356270000000109, -15.79068, 0.0 ], [ 145.35214, -15.80742, 0.0 ], [ 145.356490000000122, -15.81373, 0.0 ], [ 145.35684, -15.82474, 0.0 ], [ 145.35904, -15.83106, 0.0 ], [ 145.363650000000121, -15.83371, 0.0 ], [ 145.37321, -15.83312, 0.0 ], [ 145.37747, -15.84055, 0.0 ], [ 145.37759, -15.84376, 0.0 ], [ 145.37526, -15.84797, 0.0 ], [ 145.37243, -15.84786, 0.0 ], [ 145.37373, -15.84878, 0.0 ], [ 145.36479, -15.86693, 0.0 ], [ 145.35793, -15.88837, 0.0 ], [ 145.35614, -15.90129, 0.0 ], [ 145.35756, -15.91051, 0.0 ], [ 145.36446, -15.92279, 0.0 ], [ 145.367750000000115, -15.92223, 0.0 ], [ 145.37596, -15.92703, 0.0 ], [ 145.38211, -15.9241, 0.0 ], [ 145.392970000000105, -15.93883, 0.0 ], [ 145.40447, -15.94056, 0.0 ], [ 145.41403, -15.95093, 0.0 ], [ 145.41504, -15.95777, 0.0 ], [ 145.4288600000001, -15.9736, 0.0 ], [ 145.42793, -15.98203, 0.0 ], [ 145.431690000000117, -15.98911, 0.0 ], [ 145.43515, -15.9905, 0.0 ], [ 145.43469, -15.99976, 0.0 ], [ 145.450240000000122, -16.01047, 0.0 ], [ 145.45138, -16.02205, 0.0 ], [ 145.45401, -16.02974, 0.0 ], [ 145.45585, -16.03261, 0.0 ], [ 145.463170000000105, -16.03713, 0.0 ], [ 145.46394, -16.06676, 0.0 ], [ 145.46972, -16.07676, 0.0 ], [ 145.47477, -16.07471, 0.0 ], [ 145.47647, -16.07851, 0.0 ], [ 145.46986, -16.08454, 0.0 ], [ 145.46673, -16.09026, 0.0 ], [ 145.46631, -16.10268, 0.0 ], [ 145.45787, -16.11281, 0.0 ], [ 145.45894, -16.1273, 0.0 ], [ 145.44783, -16.14782, 0.0 ], [ 145.44415, -16.16005, 0.0 ], [ 145.44418, -16.17003, 0.0 ], [ 145.44036, -16.17616, 0.0 ], [ 145.44427, -16.20218, 0.0 ], [ 145.44949, -16.20408, 0.0 ], [ 145.45213, -16.20165, 0.0 ], [ 145.45477, -16.20219, 0.0 ], [ 145.45881, -16.20745, 0.0 ], [ 145.46325, -16.20737, 0.0 ], [ 145.46878, -16.21193, 0.0 ], [ 145.46822, -16.21638, 0.0 ], [ 145.47128, -16.22114, 0.0 ], [ 145.46975, -16.23668, 0.0 ], [ 145.48157, -16.24254, 0.0 ], [ 145.48146, -16.24843, 0.0 ], [ 145.47715, -16.26017, 0.0 ], [ 145.479870000000119, -16.26442, 0.0 ], [ 145.478480000000104, -16.26918, 0.0 ], [ 145.48439, -16.27557, 0.0 ], [ 145.48875, -16.27788, 0.0 ], [ 145.48431, -16.2786, 0.0 ], [ 145.47799, -16.27558, 0.0 ], [ 145.46013, -16.29079, 0.0 ], [ 145.45505, -16.28975, 0.0 ], [ 145.44836, -16.29068, 0.0 ], [ 145.445740000000114, -16.29996, 0.0 ], [ 145.439080000000104, -16.31195, 0.0 ], [ 145.425030000000106, -16.32757, 0.0 ], [ 145.41653, -16.3435, 0.0 ], [ 145.41536, -16.34984, 0.0 ], [ 145.416290000000117, -16.359, 0.0 ], [ 145.410930000000121, -16.37642, 0.0 ], [ 145.41684, -16.38254, 0.0 ], [ 145.41937, -16.38793, 0.0 ], [ 145.4107, -16.41177, 0.0 ], [ 145.41119, -16.41416, 0.0 ], [ 145.408730000000105, -16.41865, 0.0 ], [ 145.40692, -16.42845, 0.0 ], [ 145.407380000000103, -16.43425, 0.0 ], [ 145.4057600000001, -16.43542, 0.0 ], [ 145.40991, -16.45374, 0.0 ], [ 145.40948, -16.46019, 0.0 ], [ 145.412870000000112, -16.46761, 0.0 ], [ 145.4284, -16.47591, 0.0 ], [ 145.43109, -16.47579, 0.0 ], [ 145.43122, -16.47352, 0.0 ], [ 145.44086, -16.47291, 0.0 ], [ 145.449700000000121, -16.47916, 0.0 ], [ 145.453760000000102, -16.47928, 0.0 ], [ 145.45851, -16.48272, 0.0 ], [ 145.46019, -16.48229, 0.0 ], [ 145.462310000000116, -16.47775, 0.0 ], [ 145.46814, -16.48091, 0.0 ], [ 145.470010000000116, -16.48477, 0.0 ], [ 145.46706, -16.50315, 0.0 ], [ 145.46957, -16.51519, 0.0 ], [ 145.47512, -16.52204, 0.0 ], [ 145.47597, -16.52694, 0.0 ], [ 145.48745, -16.54141, 0.0 ], [ 145.48949, -16.54025, 0.0 ], [ 145.49083, -16.54192, 0.0 ], [ 145.48984, -16.5467, 0.0 ], [ 145.49246, -16.5469, 0.0 ], [ 145.50106, -16.55464, 0.0 ], [ 145.51052, -16.57218, 0.0 ], [ 145.51267, -16.57357, 0.0 ], [ 145.51392, -16.58461, 0.0 ], [ 145.51529, -16.586, 0.0 ], [ 145.52255, -16.58569, 0.0 ], [ 145.52329, -16.60089, 0.0 ], [ 145.52677, -16.60304, 0.0 ], [ 145.531250000000114, -16.61094, 0.0 ], [ 145.54385, -16.6193, 0.0 ], [ 145.549530000000118, -16.62776, 0.0 ], [ 145.55234, -16.62821, 0.0 ], [ 145.56305, -16.63994, 0.0 ], [ 145.56614, -16.64535, 0.0 ], [ 145.57332, -16.67067, 0.0 ], [ 145.57785, -16.68117, 0.0 ], [ 145.58225, -16.68709, 0.0 ], [ 145.58984, -16.68806, 0.0 ], [ 145.59701, -16.69328, 0.0 ], [ 145.60346, -16.69354, 0.0 ], [ 145.62253, -16.69928, 0.0 ], [ 145.62524, -16.70319, 0.0 ], [ 145.629460000000108, -16.70509, 0.0 ], [ 145.650760000000105, -16.72934, 0.0 ], [ 145.65555, -16.73002, 0.0 ], [ 145.66207, -16.73548, 0.0 ], [ 145.66464, -16.7359, 0.0 ], [ 145.66644, -16.73425, 0.0 ], [ 145.67163, -16.73805, 0.0 ], [ 145.67114, -16.74918, 0.0 ], [ 145.673140000000103, -16.75825, 0.0 ], [ 145.6826, -16.77597, 0.0 ], [ 145.69086, -16.78005, 0.0 ], [ 145.693670000000111, -16.77548, 0.0 ], [ 145.695740000000114, -16.7751, 0.0 ], [ 145.70202, -16.78924, 0.0 ], [ 145.70634, -16.79035, 0.0 ], [ 145.71304, -16.8011, 0.0 ], [ 145.7173, -16.80295, 0.0 ], [ 145.720240000000103, -16.79982, 0.0 ], [ 145.72327, -16.80079, 0.0 ], [ 145.73333, -16.81929, 0.0 ], [ 145.73399, -16.81759, 0.0 ], [ 145.738070000000107, -16.83303, 0.0 ], [ 145.743740000000116, -16.84257, 0.0 ], [ 145.760130000000117, -16.86102, 0.0 ], [ 145.76755, -16.86387, 0.0 ], [ 145.77358, -16.86833, 0.0 ], [ 145.77431, -16.87211, 0.0 ], [ 145.77362, -16.86944, 0.0 ], [ 145.77231, -16.86839, 0.0 ], [ 145.7735, -16.87027, 0.0 ], [ 145.77041, -16.87241, 0.0 ], [ 145.77353, -16.87459, 0.0 ], [ 145.775940000000105, -16.87398, 0.0 ], [ 145.77689, -16.88109, 0.0 ], [ 145.77103000000011, -16.88206, 0.0 ], [ 145.77001, -16.88468, 0.0 ], [ 145.76457, -16.88744, 0.0 ], [ 145.76254, -16.8983, 0.0 ], [ 145.76337, -16.9045, 0.0 ], [ 145.76605, -16.90857, 0.0 ], [ 145.77457, -16.91467, 0.0 ], [ 145.77868, -16.91981, 0.0 ], [ 145.78127, -16.91787, 0.0 ], [ 145.78084, -16.92028, 0.0 ], [ 145.78784, -16.92111, 0.0 ], [ 145.78962, -16.91805, 0.0 ], [ 145.79153, -16.91929, 0.0 ], [ 145.79027, -16.91662, 0.0 ], [ 145.79101, -16.91264, 0.0 ], [ 145.79491, -16.90705, 0.0 ], [ 145.7991, -16.90979, 0.0 ], [ 145.80601, -16.90788, 0.0 ], [ 145.809570000000122, -16.90857, 0.0 ], [ 145.81128, -16.90731, 0.0 ], [ 145.81207, -16.90267, 0.0 ], [ 145.82174, -16.89914, 0.0 ], [ 145.82499, -16.8933, 0.0 ], [ 145.82507, -16.88903, 0.0 ], [ 145.83328, -16.88471, 0.0 ], [ 145.83948, -16.87771, 0.0 ], [ 145.84796, -16.8744, 0.0 ], [ 145.84897, -16.87041, 0.0 ], [ 145.853, -16.87411, 0.0 ], [ 145.85458, -16.88049, 0.0 ], [ 145.863160000000107, -16.89042, 0.0 ], [ 145.86478000000011, -16.89568, 0.0 ], [ 145.86219, -16.89823, 0.0 ], [ 145.8624, -16.90249, 0.0 ], [ 145.87109, -16.90634, 0.0 ], [ 145.88307, -16.90608, 0.0 ], [ 145.88569, -16.90382, 0.0 ], [ 145.887160000000108, -16.90485, 0.0 ], [ 145.89007, -16.89918, 0.0 ], [ 145.89433, -16.89952, 0.0 ], [ 145.89789, -16.89449, 0.0 ], [ 145.90617, -16.89644, 0.0 ], [ 145.909090000000106, -16.88726, 0.0 ], [ 145.91897, -16.87315, 0.0 ], [ 145.91554, -16.86468, 0.0 ], [ 145.91968, -16.86303, 0.0 ], [ 145.92447, -16.86529, 0.0 ], [ 145.92816, -16.86417, 0.0 ], [ 145.93747, -16.87612, 0.0 ], [ 145.94427, -16.88049, 0.0 ], [ 145.94958, -16.89131, 0.0 ], [ 145.95437, -16.88863, 0.0 ], [ 145.95849, -16.89674, 0.0 ], [ 145.955420000000117, -16.89747, 0.0 ], [ 145.95779, -16.90383, 0.0 ], [ 145.95697, -16.90515, 0.0 ], [ 145.94438, -16.90779, 0.0 ], [ 145.93567, -16.91594, 0.0 ], [ 145.93135, -16.92292, 0.0 ], [ 145.93013, -16.92728, 0.0 ], [ 145.93368, -16.93109, 0.0 ], [ 145.93637, -16.941, 0.0 ], [ 145.93527, -16.94682, 0.0 ], [ 145.91975, -16.95874, 0.0 ], [ 145.902020000000107, -16.97973, 0.0 ], [ 145.89753, -16.99886, 0.0 ], [ 145.90093, -17.0078, 0.0 ], [ 145.89628, -17.01459, 0.0 ], [ 145.891710000000103, -17.02854, 0.0 ], [ 145.88972, -17.04142, 0.0 ], [ 145.88988, -17.05742, 0.0 ], [ 145.89239, -17.06444, 0.0 ], [ 145.89758, -17.06738, 0.0 ], [ 145.90079, -17.07378, 0.0 ], [ 145.90749, -17.08144, 0.0 ], [ 145.91671, -17.08826, 0.0 ], [ 145.922, -17.1066, 0.0 ], [ 145.92969, -17.11733, 0.0 ], [ 145.932590000000118, -17.11814, 0.0 ], [ 145.94937, -17.13135, 0.0 ], [ 145.95287, -17.14564, 0.0 ], [ 145.95217, -17.15333, 0.0 ], [ 145.95388, -17.1583, 0.0 ], [ 145.95562, -17.1618, 0.0 ], [ 145.96527, -17.16945, 0.0 ], [ 145.96202, -17.17876, 0.0 ], [ 145.961590000000115, -17.18846, 0.0 ], [ 145.9644, -17.20083, 0.0 ], [ 145.971680000000106, -17.21609, 0.0 ], [ 145.970820000000117, -17.2176, 0.0 ], [ 145.97125, -17.21598, 0.0 ], [ 145.970730000000117, -17.21548, 0.0 ], [ 145.9686, -17.22254, 0.0 ], [ 145.97138, -17.22484, 0.0 ], [ 145.97251, -17.22415, 0.0 ], [ 145.97066, -17.23127, 0.0 ], [ 145.971860000000106, -17.24167, 0.0 ], [ 145.97458, -17.24762, 0.0 ], [ 145.9762, -17.24854, 0.0 ], [ 145.98007, -17.24683, 0.0 ], [ 145.98367, -17.24932, 0.0 ], [ 145.99617000000012, -17.27423, 0.0 ], [ 145.99864, -17.2878, 0.0 ], [ 146.00065, -17.29068, 0.0 ], [ 146.00277, -17.30623, 0.0 ], [ 146.01454, -17.3367, 0.0 ], [ 146.02678, -17.35622, 0.0 ], [ 146.03168, -17.36109, 0.0 ], [ 146.03556, -17.35978, 0.0 ], [ 146.045570000000112, -17.37921, 0.0 ], [ 146.04993, -17.38426, 0.0 ], [ 146.05374, -17.3868, 0.0 ], [ 146.057230000000118, -17.38704, 0.0 ], [ 146.06281, -17.38487, 0.0 ], [ 146.0678, -17.3881, 0.0 ], [ 146.07359, -17.39543, 0.0 ], [ 146.06459, -17.44675, 0.0 ], [ 146.06442, -17.45706, 0.0 ], [ 146.06689, -17.46692, 0.0 ], [ 146.07383, -17.4767, 0.0 ], [ 146.07694, -17.47688, 0.0 ], [ 146.0782, -17.48035, 0.0 ], [ 146.07647, -17.50319, 0.0 ], [ 146.07742, -17.50596, 0.0 ], [ 146.06961, -17.51038, 0.0 ], [ 146.07017, -17.5227, 0.0 ], [ 146.08023, -17.52945, 0.0 ], [ 146.07991, -17.53568, 0.0 ], [ 146.09144, -17.55214, 0.0 ], [ 146.09282, -17.5617, 0.0 ], [ 146.118650000000116, -17.5799, 0.0 ], [ 146.12832, -17.59242, 0.0 ], [ 146.12958, -17.59927, 0.0 ], [ 146.13328, -17.60126, 0.0 ], [ 146.13852, -17.61298, 0.0 ], [ 146.13675000000012, -17.6195, 0.0 ], [ 146.13746, -17.62257, 0.0 ], [ 146.13967, -17.62281, 0.0 ], [ 146.13971, -17.62594, 0.0 ], [ 146.14451, -17.63079, 0.0 ], [ 146.14269, -17.63093, 0.0 ], [ 146.14168, -17.64071, 0.0 ], [ 146.14466, -17.64154, 0.0 ], [ 146.1438, -17.64302, 0.0 ], [ 146.14772, -17.64514, 0.0 ], [ 146.15034, -17.64981, 0.0 ], [ 146.14745, -17.65013, 0.0 ], [ 146.13934, -17.656, 0.0 ], [ 146.12633, -17.67155, 0.0 ], [ 146.11723, -17.68663, 0.0 ], [ 146.1083, -17.70892, 0.0 ], [ 146.10435, -17.7294, 0.0 ], [ 146.10455, -17.74436, 0.0 ], [ 146.11267, -17.77232, 0.0 ], [ 146.09715, -17.78663, 0.0 ], [ 146.09164, -17.79513, 0.0 ], [ 146.08984, -17.80125, 0.0 ], [ 146.092040000000111, -17.80596, 0.0 ], [ 146.09694, -17.80503, 0.0 ], [ 146.100370000000112, -17.81232, 0.0 ], [ 146.10284, -17.81182, 0.0 ], [ 146.10605, -17.81553, 0.0 ], [ 146.0997, -17.83346, 0.0 ], [ 146.10522, -17.84229, 0.0 ], [ 146.10678, -17.85221, 0.0 ], [ 146.11031, -17.85226, 0.0 ], [ 146.10937, -17.85464, 0.0 ], [ 146.111540000000105, -17.85433, 0.0 ], [ 146.114, -17.85744, 0.0 ], [ 146.117120000000114, -17.85318, 0.0 ], [ 146.12075, -17.85586, 0.0 ], [ 146.117890000000102, -17.85687, 0.0 ], [ 146.10981, -17.86511, 0.0 ], [ 146.099740000000111, -17.88936, 0.0 ], [ 146.097260000000119, -17.90478, 0.0 ], [ 146.09818, -17.9271, 0.0 ], [ 146.09129, -17.95389, 0.0 ], [ 146.09457, -17.96677, 0.0 ], [ 146.09649, -17.9681, 0.0 ], [ 146.10057, -17.96613, 0.0 ], [ 146.101900000000114, -17.97752, 0.0 ], [ 146.09915, -17.97692, 0.0 ], [ 146.09836, -17.9733, 0.0 ], [ 146.096860000000106, -17.97325, 0.0 ], [ 146.08737, -17.98001, 0.0 ], [ 146.0654, -18.00438, 0.0 ], [ 146.05977, -18.015, 0.0 ], [ 146.055160000000114, -18.0296, 0.0 ], [ 146.05164, -18.02961, 0.0 ], [ 146.05017, -18.03308, 0.0 ], [ 146.041, -18.04297, 0.0 ], [ 146.034040000000118, -18.06412, 0.0 ], [ 146.03038, -18.08221, 0.0 ], [ 146.03178, -18.08338, 0.0 ], [ 146.02587, -18.08564, 0.0 ], [ 146.0273, -18.09093, 0.0 ], [ 146.01782, -18.10292, 0.0 ], [ 146.00723, -18.12294, 0.0 ], [ 146.00598, -18.14091, 0.0 ], [ 146.00915, -18.15997, 0.0 ], [ 146.00728, -18.18062, 0.0 ], [ 146.00979, -18.18828, 0.0 ], [ 146.01304, -18.2138, 0.0 ], [ 146.01829, -18.22997, 0.0 ], [ 146.018600000000106, -18.23335, 0.0 ], [ 146.01598, -18.23861, 0.0 ], [ 146.01665, -18.24756, 0.0 ], [ 146.02624, -18.26361, 0.0 ], [ 146.03491, -18.27106, 0.0 ], [ 146.049710000000118, -18.27665, 0.0 ], [ 146.04995, -18.283, 0.0 ], [ 146.05922, -18.29286, 0.0 ], [ 146.062910000000102, -18.3003, 0.0 ], [ 146.06936, -18.3037, 0.0 ], [ 146.0809, -18.314, 0.0 ], [ 146.08226, -18.32222, 0.0 ], [ 146.08484, -18.32437, 0.0 ], [ 146.086370000000102, -18.32891, 0.0 ], [ 146.094970000000103, -18.33538, 0.0 ], [ 146.0994, -18.34195, 0.0 ], [ 146.09928, -18.34605, 0.0 ], [ 146.10615, -18.35184, 0.0 ], [ 146.11671, -18.35827, 0.0 ], [ 146.12587, -18.36132, 0.0 ], [ 146.12738, -18.36596, 0.0 ], [ 146.14485, -18.35883, 0.0 ], [ 146.14476, -18.35758, 0.0 ], [ 146.14808, -18.35735, 0.0 ], [ 146.15631, -18.36284, 0.0 ], [ 146.16078, -18.36809, 0.0 ], [ 146.16918, -18.36438, 0.0 ], [ 146.1749, -18.37262, 0.0 ], [ 146.17979, -18.37367, 0.0 ], [ 146.1887, -18.39092, 0.0 ], [ 146.19428, -18.39667, 0.0 ], [ 146.19335, -18.40871, 0.0 ], [ 146.19609, -18.42481, 0.0 ], [ 146.1926, -18.42977, 0.0 ], [ 146.18729, -18.43224, 0.0 ], [ 146.1895, -18.43898, 0.0 ], [ 146.19269, -18.44588, 0.0 ], [ 146.20787, -18.45897, 0.0 ], [ 146.20853000000011, -18.46703, 0.0 ], [ 146.21376, -18.47375, 0.0 ], [ 146.22048, -18.48936, 0.0 ], [ 146.22973, -18.49632, 0.0 ], [ 146.23692, -18.49699, 0.0 ], [ 146.24066, -18.49566, 0.0 ], [ 146.25287, -18.49706, 0.0 ], [ 146.25974, -18.49898, 0.0 ], [ 146.26867, -18.50487, 0.0 ], [ 146.29526, -18.50782, 0.0 ], [ 146.30181, -18.51537, 0.0 ], [ 146.30667, -18.51744, 0.0 ], [ 146.31299, -18.51552, 0.0 ], [ 146.32498, -18.52321, 0.0 ], [ 146.33228, -18.52341, 0.0 ], [ 146.33942, -18.52688, 0.0 ], [ 146.3357, -18.53279, 0.0 ], [ 146.343750000000114, -18.55265, 0.0 ], [ 146.344970000000103, -18.5594, 0.0 ], [ 146.34124, -18.56058, 0.0 ], [ 146.3393, -18.56551, 0.0 ], [ 146.34153, -18.57558, 0.0 ], [ 146.33738, -18.59426, 0.0 ], [ 146.33838, -18.60781, 0.0 ], [ 146.33557, -18.6163, 0.0 ], [ 146.33687, -18.62555, 0.0 ], [ 146.338170000000105, -18.62234, 0.0 ], [ 146.33927, -18.62394, 0.0 ], [ 146.33834, -18.62995, 0.0 ], [ 146.336950000000115, -18.63493, 0.0 ], [ 146.32207, -18.65992, 0.0 ], [ 146.29957, -18.71076, 0.0 ], [ 146.29148, -18.73911, 0.0 ], [ 146.2881900000001, -18.74599, 0.0 ], [ 146.28919, -18.74985, 0.0 ], [ 146.28719, -18.76201, 0.0 ], [ 146.2847, -18.76427, 0.0 ], [ 146.28601, -18.76649, 0.0 ], [ 146.27728, -18.80657, 0.0 ], [ 146.27618, -18.80557, 0.0 ], [ 146.27536, -18.80667, 0.0 ], [ 146.27515, -18.81241, 0.0 ], [ 146.276790000000119, -18.8088, 0.0 ], [ 146.27511, -18.83612, 0.0 ], [ 146.276570000000106, -18.85531, 0.0 ], [ 146.27572, -18.85909, 0.0 ], [ 146.27412, -18.85903, 0.0 ], [ 146.2735, -18.86093, 0.0 ], [ 146.27631, -18.86381, 0.0 ], [ 146.27674, -18.86469, 0.0 ], [ 146.27969, -18.86811, 0.0 ], [ 146.28088, -18.86923, 0.0 ], [ 146.27896, -18.86656, 0.0 ], [ 146.28086, -18.86733, 0.0 ], [ 146.284090000000106, -18.87321, 0.0 ], [ 146.284360000000106, -18.88116, 0.0 ], [ 146.28655, -18.88657, 0.0 ], [ 146.29934, -18.90283, 0.0 ], [ 146.30502, -18.90659, 0.0 ], [ 146.31147, -18.91518, 0.0 ], [ 146.31625, -18.91726, 0.0 ], [ 146.32159, -18.92411, 0.0 ], [ 146.33107, -18.9402, 0.0 ], [ 146.33226, -18.94927, 0.0 ], [ 146.33453, -18.95427, 0.0 ], [ 146.34247, -18.95883, 0.0 ], [ 146.35449, -18.95974, 0.0 ], [ 146.36375, -18.96845, 0.0 ], [ 146.37128, -18.98842, 0.0 ], [ 146.38007, -18.99728, 0.0 ], [ 146.383470000000102, -18.99933, 0.0 ], [ 146.38963, -18.99739, 0.0 ], [ 146.395670000000109, -18.99803, 0.0 ], [ 146.40225, -19.00691, 0.0 ], [ 146.40498, -19.00683, 0.0 ], [ 146.41169, -19.01898, 0.0 ], [ 146.422960000000103, -19.03355, 0.0 ], [ 146.42499, -19.03436, 0.0 ], [ 146.44222, -19.06074, 0.0 ], [ 146.4551, -19.07363, 0.0 ], [ 146.45887, -19.07507, 0.0 ], [ 146.46228, -19.07396, 0.0 ], [ 146.469790000000103, -19.07489, 0.0 ], [ 146.49021, -19.09476, 0.0 ], [ 146.49794, -19.09821, 0.0 ], [ 146.50547, -19.09814, 0.0 ], [ 146.51068, -19.10036, 0.0 ], [ 146.51438, -19.09892, 0.0 ], [ 146.51667, -19.1, 0.0 ], [ 146.53469, -19.11561, 0.0 ], [ 146.53978, -19.11715, 0.0 ], [ 146.53568, -19.11479, 0.0 ], [ 146.539850000000115, -19.1157, 0.0 ], [ 146.54572, -19.12146, 0.0 ], [ 146.554440000000113, -19.13589, 0.0 ], [ 146.56312, -19.14285, 0.0 ], [ 146.57125, -19.14553, 0.0 ], [ 146.582400000000121, -19.14444, 0.0 ], [ 146.594, -19.14652, 0.0 ], [ 146.60218, -19.14992, 0.0 ], [ 146.60376, -19.15225, 0.0 ], [ 146.59952, -19.15581, 0.0 ], [ 146.59757, -19.16353, 0.0 ], [ 146.59458, -19.16768, 0.0 ], [ 146.57958, -19.17831, 0.0 ], [ 146.57806, -19.18953, 0.0 ], [ 146.57598, -19.19389, 0.0 ], [ 146.57132, -19.19424, 0.0 ], [ 146.56662, -19.19709, 0.0 ], [ 146.55716, -19.19816, 0.0 ], [ 146.5546, -19.20194, 0.0 ], [ 146.55225, -19.20151, 0.0 ], [ 146.550390000000107, -19.20359, 0.0 ], [ 146.5504, -19.20611, 0.0 ], [ 146.55314, -19.20556, 0.0 ], [ 146.55544, -19.20742, 0.0 ], [ 146.55835, -19.21311, 0.0 ], [ 146.55706, -19.21246, 0.0 ], [ 146.55563, -19.21504, 0.0 ], [ 146.55051, -19.21581, 0.0 ], [ 146.55067, -19.21794, 0.0 ], [ 146.54902, -19.21759, 0.0 ], [ 146.55005, -19.22499, 0.0 ], [ 146.55171, -19.22643, 0.0 ], [ 146.54844, -19.2303, 0.0 ], [ 146.54434, -19.23159, 0.0 ], [ 146.54171, -19.23611, 0.0 ], [ 146.5395, -19.23715, 0.0 ], [ 146.53934, -19.23289, 0.0 ], [ 146.53691, -19.23115, 0.0 ], [ 146.52987, -19.23136, 0.0 ], [ 146.53272, -19.22983, 0.0 ], [ 146.53471, -19.22594, 0.0 ], [ 146.53214, -19.22272, 0.0 ], [ 146.53253, -19.22054, 0.0 ], [ 146.53045, -19.21979, 0.0 ], [ 146.531610000000114, -19.2182, 0.0 ], [ 146.52664, -19.21872, 0.0 ], [ 146.52573, -19.22038, 0.0 ], [ 146.53002, -19.22409, 0.0 ], [ 146.52645, -19.22493, 0.0 ], [ 146.52885, -19.22683, 0.0 ], [ 146.52617, -19.23077, 0.0 ], [ 146.52709, -19.23575, 0.0 ], [ 146.51974, -19.2357, 0.0 ], [ 146.52222, -19.23328, 0.0 ], [ 146.522650000000112, -19.22744, 0.0 ], [ 146.51967, -19.22666, 0.0 ], [ 146.51985, -19.22398, 0.0 ], [ 146.5167, -19.22276, 0.0 ], [ 146.51817, -19.21998, 0.0 ], [ 146.51739, -19.21834, 0.0 ], [ 146.51443, -19.22205, 0.0 ], [ 146.51643, -19.22834, 0.0 ], [ 146.509190000000103, -19.22379, 0.0 ], [ 146.50357, -19.22595, 0.0 ], [ 146.50201, -19.22954, 0.0 ], [ 146.503020000000106, -19.23583, 0.0 ], [ 146.5019, -19.23788, 0.0 ], [ 146.50332, -19.24076, 0.0 ], [ 146.50554000000011, -19.2414, 0.0 ], [ 146.502030000000104, -19.24269, 0.0 ], [ 146.50295, -19.2453, 0.0 ], [ 146.50476, -19.24583, 0.0 ], [ 146.50332, -19.24693, 0.0 ], [ 146.50564, -19.25338, 0.0 ], [ 146.504320000000121, -19.25456, 0.0 ], [ 146.50659, -19.25661, 0.0 ], [ 146.50317, -19.26062, 0.0 ], [ 146.50465, -19.26376, 0.0 ], [ 146.5012, -19.26079, 0.0 ], [ 146.4993, -19.26698, 0.0 ], [ 146.49902, -19.26162, 0.0 ], [ 146.49582, -19.26056, 0.0 ], [ 146.49513, -19.25715, 0.0 ], [ 146.49641, -19.25569, 0.0 ], [ 146.49431, -19.25609, 0.0 ], [ 146.49287, -19.25379, 0.0 ], [ 146.48987000000011, -19.25287, 0.0 ], [ 146.48742, -19.25359, 0.0 ], [ 146.48925, -19.25634, 0.0 ], [ 146.48772, -19.25668, 0.0 ], [ 146.488610000000108, -19.259, 0.0 ], [ 146.49146, -19.25924, 0.0 ], [ 146.49345, -19.26842, 0.0 ], [ 146.491670000000113, -19.26777, 0.0 ], [ 146.4943, -19.26962, 0.0 ], [ 146.49543, -19.27455, 0.0 ], [ 146.50019, -19.27605, 0.0 ], [ 146.50088, -19.2742, 0.0 ], [ 146.50458, -19.27475, 0.0 ], [ 146.50461, -19.2728, 0.0 ], [ 146.50827, -19.27116, 0.0 ], [ 146.50965, -19.27296, 0.0 ], [ 146.51308, -19.27122, 0.0 ], [ 146.51212, -19.27333, 0.0 ], [ 146.51379, -19.27358, 0.0 ], [ 146.51526, -19.27266, 0.0 ], [ 146.51517, -19.27021, 0.0 ], [ 146.51735, -19.26998, 0.0 ], [ 146.51602, -19.26987, 0.0 ], [ 146.51667, -19.26826, 0.0 ], [ 146.51849, -19.269, 0.0 ], [ 146.51892, -19.26656, 0.0 ], [ 146.52126, -19.27026, 0.0 ], [ 146.5256, -19.2668, 0.0 ], [ 146.523550000000114, -19.26907, 0.0 ], [ 146.52757, -19.27662, 0.0 ], [ 146.53021, -19.2764, 0.0 ], [ 146.5306700000001, -19.27848, 0.0 ], [ 146.53276, -19.27921, 0.0 ], [ 146.539090000000101, -19.27798, 0.0 ], [ 146.539360000000102, -19.28007, 0.0 ], [ 146.53312, -19.28577, 0.0 ], [ 146.53024, -19.28621, 0.0 ], [ 146.53286, -19.28476, 0.0 ], [ 146.532330000000115, -19.2834, 0.0 ], [ 146.52773, -19.28489, 0.0 ], [ 146.52881, -19.28755, 0.0 ], [ 146.53312, -19.28884, 0.0 ], [ 146.5274, -19.29399, 0.0 ], [ 146.52278, -19.29152, 0.0 ], [ 146.51886, -19.29469, 0.0 ], [ 146.52038, -19.29537, 0.0 ], [ 146.5196, -19.2983, 0.0 ], [ 146.51919, -19.29545, 0.0 ], [ 146.517790000000105, -19.29516, 0.0 ], [ 146.51516, -19.29736, 0.0 ], [ 146.5152, -19.29945, 0.0 ], [ 146.51125, -19.30046, 0.0 ], [ 146.51143, -19.30187, 0.0 ], [ 146.50969, -19.30048, 0.0 ], [ 146.50792, -19.3051, 0.0 ], [ 146.50678, -19.30333, 0.0 ], [ 146.50421, -19.30567, 0.0 ], [ 146.50179, -19.304, 0.0 ], [ 146.50193, -19.30844, 0.0 ], [ 146.49891, -19.30898, 0.0 ], [ 146.49719, -19.31309, 0.0 ], [ 146.48999, -19.30885, 0.0 ], [ 146.483520000000112, -19.31094, 0.0 ], [ 146.481220000000121, -19.30464, 0.0 ], [ 146.47757, -19.30158, 0.0 ], [ 146.47093, -19.29947, 0.0 ], [ 146.46687, -19.30146, 0.0 ], [ 146.46264, -19.2999, 0.0 ], [ 146.46097, -19.30449, 0.0 ], [ 146.46229, -19.31301, 0.0 ], [ 146.46775, -19.31586, 0.0 ], [ 146.472260000000119, -19.31544, 0.0 ], [ 146.47299, -19.32076, 0.0 ], [ 146.47551, -19.32251, 0.0 ], [ 146.4727, -19.32839, 0.0 ], [ 146.47472, -19.33689, 0.0 ], [ 146.47214, -19.33935, 0.0 ], [ 146.47047, -19.33808, 0.0 ], [ 146.47058, -19.34182, 0.0 ], [ 146.46598, -19.34325, 0.0 ], [ 146.46296, -19.33984, 0.0 ], [ 146.4604700000001, -19.34086, 0.0 ], [ 146.46082, -19.33954, 0.0 ], [ 146.45097, -19.34263, 0.0 ], [ 146.44578, -19.34134, 0.0 ], [ 146.44449, -19.34448, 0.0 ], [ 146.44297, -19.34463, 0.0 ], [ 146.43826, -19.34231, 0.0 ], [ 146.4317, -19.34295, 0.0 ], [ 146.42756, -19.34143, 0.0 ], [ 146.42754, -19.3439, 0.0 ], [ 146.42343, -19.34781, 0.0 ], [ 146.42004, -19.34628, 0.0 ], [ 146.42117, -19.34986, 0.0 ], [ 146.41786, -19.34845, 0.0 ], [ 146.416610000000105, -19.34884, 0.0 ], [ 146.41777, -19.3501, 0.0 ], [ 146.41421, -19.35017, 0.0 ], [ 146.410800000000108, -19.34773, 0.0 ], [ 146.41379, -19.35117, 0.0 ], [ 146.416650000000118, -19.35194, 0.0 ], [ 146.4146, -19.35364, 0.0 ], [ 146.41072, -19.35166, 0.0 ], [ 146.40658, -19.35193, 0.0 ], [ 146.40592, -19.34856, 0.0 ], [ 146.402290000000107, -19.35044, 0.0 ], [ 146.39984, -19.34954, 0.0 ], [ 146.400490000000104, -19.34637, 0.0 ], [ 146.39854, -19.34542, 0.0 ], [ 146.40011, -19.34337, 0.0 ], [ 146.39679, -19.34107, 0.0 ], [ 146.39937, -19.34074, 0.0 ], [ 146.39895, -19.3387, 0.0 ], [ 146.40106, -19.33693, 0.0 ], [ 146.39875, -19.33147, 0.0 ], [ 146.40146, -19.33218, 0.0 ], [ 146.404990000000112, -19.33063, 0.0 ], [ 146.41127, -19.33411, 0.0 ], [ 146.41591, -19.33241, 0.0 ], [ 146.41123, -19.32592, 0.0 ], [ 146.41076, -19.3229, 0.0 ], [ 146.41231, -19.32113, 0.0 ], [ 146.410440000000108, -19.31986, 0.0 ], [ 146.41174, -19.31754, 0.0 ], [ 146.4061, -19.31718, 0.0 ], [ 146.40737, -19.31569, 0.0 ], [ 146.40396, -19.31608, 0.0 ], [ 146.4043, -19.3148, 0.0 ], [ 146.401700000000119, -19.31612, 0.0 ], [ 146.39836, -19.31452, 0.0 ], [ 146.39038, -19.31424, 0.0 ], [ 146.38984, -19.31255, 0.0 ], [ 146.38336, -19.31122, 0.0 ], [ 146.38161, -19.30776, 0.0 ], [ 146.3784, -19.30569, 0.0 ], [ 146.38158, -19.29625, 0.0 ], [ 146.3749, -19.28673, 0.0 ], [ 146.38246, -19.28316, 0.0 ], [ 146.383020000000101, -19.27799, 0.0 ], [ 146.37808, -19.27629, 0.0 ], [ 146.379910000000109, -19.27233, 0.0 ], [ 146.37615, -19.26738, 0.0 ], [ 146.360680000000116, -19.26538, 0.0 ], [ 146.359380000000101, -19.26226, 0.0 ], [ 146.35282, -19.2599, 0.0 ], [ 146.350010000000111, -19.25304, 0.0 ], [ 146.35493, -19.25222, 0.0 ], [ 146.35396, -19.2496, 0.0 ], [ 146.351860000000102, -19.24734, 0.0 ], [ 146.34404, -19.24434, 0.0 ], [ 146.34279, -19.23662, 0.0 ], [ 146.33535, -19.23067, 0.0 ], [ 146.3376, -19.22764, 0.0 ], [ 146.338030000000117, -19.2222, 0.0 ], [ 146.3256, -19.21791, 0.0 ], [ 146.3259, -19.21652, 0.0 ], [ 146.32432, -19.21612, 0.0 ], [ 146.32626, -19.21289, 0.0 ], [ 146.32505, -19.20913, 0.0 ], [ 146.31825, -19.20797, 0.0 ], [ 146.31834, -19.2064, 0.0 ], [ 146.32184, -19.20645, 0.0 ], [ 146.32348, -19.20407, 0.0 ], [ 146.32198, -19.20465, 0.0 ], [ 146.31923, -19.20339, 0.0 ], [ 146.31936, -19.20197, 0.0 ], [ 146.31296, -19.20029, 0.0 ], [ 146.31321, -19.19843, 0.0 ], [ 146.3228, -19.20077, 0.0 ], [ 146.32714, -19.19714, 0.0 ], [ 146.33036, -19.19795, 0.0 ], [ 146.33045, -19.19523, 0.0 ], [ 146.32836, -19.19375, 0.0 ], [ 146.33098, -19.19214, 0.0 ], [ 146.333, -19.194, 0.0 ], [ 146.33304, -19.19244, 0.0 ], [ 146.3222, -19.18724, 0.0 ], [ 146.31883, -19.18837, 0.0 ], [ 146.31646000000012, -19.18596, 0.0 ], [ 146.3142, -19.18851, 0.0 ], [ 146.31221, -19.18805, 0.0 ], [ 146.31157, -19.18567, 0.0 ], [ 146.30177, -19.17982, 0.0 ], [ 146.300750000000107, -19.17641, 0.0 ], [ 146.30221, -19.17551, 0.0 ], [ 146.29858, -19.17439, 0.0 ], [ 146.29588, -19.16991, 0.0 ], [ 146.2945, -19.17039, 0.0 ], [ 146.293950000000109, -19.16709, 0.0 ], [ 146.28565, -19.16371, 0.0 ], [ 146.28572, -19.16139, 0.0 ], [ 146.28264, -19.15912, 0.0 ], [ 146.280530000000113, -19.16121, 0.0 ], [ 146.27916, -19.15672, 0.0 ], [ 146.28047, -19.15288, 0.0 ], [ 146.27883, -19.15263, 0.0 ], [ 146.27825, -19.15044, 0.0 ], [ 146.28277, -19.1497, 0.0 ], [ 146.27394, -19.14599, 0.0 ], [ 146.27725, -19.1459, 0.0 ], [ 146.27636, -19.14526, 0.0 ], [ 146.27779, -19.14371, 0.0 ], [ 146.2756, -19.14387, 0.0 ], [ 146.27682, -19.14198, 0.0 ], [ 146.27498, -19.14015, 0.0 ], [ 146.27719, -19.13957, 0.0 ], [ 146.27145, -19.13903, 0.0 ], [ 146.26817, -19.14193, 0.0 ], [ 146.26301, -19.1429, 0.0 ], [ 146.25697, -19.141, 0.0 ], [ 146.25591, -19.13855, 0.0 ], [ 146.25925, -19.13513, 0.0 ], [ 146.26217, -19.13511, 0.0 ], [ 146.265810000000101, -19.13189, 0.0 ], [ 146.26906, -19.13336, 0.0 ], [ 146.27174, -19.13136, 0.0 ], [ 146.2789, -19.13286, 0.0 ], [ 146.28059, -19.13087, 0.0 ], [ 146.2787, -19.12838, 0.0 ], [ 146.282110000000102, -19.12805, 0.0 ], [ 146.2804000000001, -19.12702, 0.0 ], [ 146.281840000000102, -19.12569, 0.0 ], [ 146.28038, -19.12057, 0.0 ], [ 146.28223, -19.11903, 0.0 ], [ 146.27956, -19.11772, 0.0 ], [ 146.27932, -19.11526, 0.0 ], [ 146.27904, -19.1169, 0.0 ], [ 146.27326, -19.12087, 0.0 ], [ 146.27006, -19.12057, 0.0 ], [ 146.26973, -19.11781, 0.0 ], [ 146.26589, -19.11574, 0.0 ], [ 146.26803, -19.11296, 0.0 ], [ 146.26166000000012, -19.10817, 0.0 ], [ 146.26726, -19.10704, 0.0 ], [ 146.267160000000104, -19.10517, 0.0 ], [ 146.26264, -19.10055, 0.0 ], [ 146.257930000000101, -19.10035, 0.0 ], [ 146.25531, -19.10292, 0.0 ], [ 146.250950000000103, -19.10243, 0.0 ], [ 146.24861, -19.10552, 0.0 ], [ 146.24603, -19.1052, 0.0 ], [ 146.24452, -19.10304, 0.0 ], [ 146.2427, -19.10484, 0.0 ], [ 146.24269, -19.10813, 0.0 ], [ 146.24044, -19.1097, 0.0 ], [ 146.241220000000112, -19.10201, 0.0 ], [ 146.23854, -19.09779, 0.0 ], [ 146.23359, -19.0979, 0.0 ], [ 146.23085, -19.10101, 0.0 ], [ 146.229830000000106, -19.09818, 0.0 ], [ 146.22664, -19.09879, 0.0 ], [ 146.22805, -19.09654, 0.0 ], [ 146.226270000000113, -19.09564, 0.0 ], [ 146.22657, -19.09382, 0.0 ], [ 146.22516, -19.0954, 0.0 ], [ 146.22106, -19.09145, 0.0 ], [ 146.22326, -19.09012, 0.0 ], [ 146.21658, -19.08765, 0.0 ], [ 146.214380000000119, -19.08945, 0.0 ], [ 146.20681, -19.08878, 0.0 ], [ 146.20507, -19.09081, 0.0 ], [ 146.20325, -19.08868, 0.0 ], [ 146.20458, -19.08714, 0.0 ], [ 146.20257, -19.08475, 0.0 ], [ 146.20348, -19.08739, 0.0 ], [ 146.20143, -19.08678, 0.0 ], [ 146.20126, -19.09017, 0.0 ], [ 146.19719, -19.0876, 0.0 ], [ 146.19666, -19.08548, 0.0 ], [ 146.193, -19.08483, 0.0 ], [ 146.19192, -19.08703, 0.0 ], [ 146.190880000000107, -19.08579, 0.0 ], [ 146.190160000000105, -19.09276, 0.0 ], [ 146.19211, -19.09659, 0.0 ], [ 146.19028, -19.09751, 0.0 ], [ 146.18679, -19.09242, 0.0 ], [ 146.18251, -19.08955, 0.0 ], [ 146.18216, -19.08747, 0.0 ], [ 146.18109, -19.08845, 0.0 ], [ 146.17879, -19.0849, 0.0 ], [ 146.17658, -19.08445, 0.0 ], [ 146.17556, -19.07988, 0.0 ], [ 146.172870000000103, -19.07759, 0.0 ], [ 146.17486, -19.07778, 0.0 ], [ 146.17561000000012, -19.07539, 0.0 ], [ 146.17155, -19.07314, 0.0 ], [ 146.17551, -19.07271, 0.0 ], [ 146.17652, -19.07105, 0.0 ], [ 146.17235, -19.07075, 0.0 ], [ 146.17101, -19.06878, 0.0 ], [ 146.17639, -19.06468, 0.0 ], [ 146.17542, -19.06153, 0.0 ], [ 146.17244, -19.06176, 0.0 ], [ 146.17146, -19.05753, 0.0 ], [ 146.167010000000118, -19.05363, 0.0 ], [ 146.16245, -19.05404, 0.0 ], [ 146.15378, -19.04654, 0.0 ], [ 146.15624, -19.05023, 0.0 ], [ 146.15503, -19.05181, 0.0 ], [ 146.1595, -19.0552, 0.0 ], [ 146.15677, -19.05494, 0.0 ], [ 146.15579, -19.05831, 0.0 ], [ 146.15366, -19.0597, 0.0 ], [ 146.15072, -19.05574, 0.0 ], [ 146.14607, -19.0537, 0.0 ], [ 146.14481000000012, -19.05863, 0.0 ], [ 146.15401, -19.06094, 0.0 ], [ 146.15224000000012, -19.06394, 0.0 ], [ 146.15433, -19.06552, 0.0 ], [ 146.15477, -19.0619, 0.0 ], [ 146.15777, -19.06225, 0.0 ], [ 146.15812, -19.0651, 0.0 ], [ 146.15486, -19.06603, 0.0 ], [ 146.153280000000109, -19.06834, 0.0 ], [ 146.15849, -19.0673, 0.0 ], [ 146.15933, -19.06875, 0.0 ], [ 146.16189, -19.06864, 0.0 ], [ 146.15245, -19.06909, 0.0 ], [ 146.15006, -19.07014, 0.0 ], [ 146.14838, -19.07368, 0.0 ], [ 146.15881, -19.07354, 0.0 ], [ 146.16201, -19.07184, 0.0 ], [ 146.1615, -19.07479, 0.0 ], [ 146.1632800000001, -19.07488, 0.0 ], [ 146.16303, -19.0768, 0.0 ], [ 146.15848, -19.07856, 0.0 ], [ 146.16038, -19.07993, 0.0 ], [ 146.16030000000012, -19.08199, 0.0 ], [ 146.162870000000112, -19.08285, 0.0 ], [ 146.16206000000011, -19.08534, 0.0 ], [ 146.16389, -19.08673, 0.0 ], [ 146.16947, -19.08623, 0.0 ], [ 146.17115, -19.08869, 0.0 ], [ 146.1637, -19.08954, 0.0 ], [ 146.15757, -19.09307, 0.0 ], [ 146.155710000000113, -19.09224, 0.0 ], [ 146.15357, -19.09383, 0.0 ], [ 146.15559, -19.09728, 0.0 ], [ 146.15133, -19.10033, 0.0 ], [ 146.14805, -19.10038, 0.0 ], [ 146.14427000000012, -19.09555, 0.0 ], [ 146.14321, -19.09656, 0.0 ], [ 146.13927, -19.09549, 0.0 ], [ 146.13853, -19.09667, 0.0 ], [ 146.13791, -19.09695, 0.0 ], [ 146.13829, -19.09467, 0.0 ], [ 146.13979, -19.09507, 0.0 ], [ 146.13899, -19.09295, 0.0 ], [ 146.13043, -19.08863, 0.0 ], [ 146.132, -19.0934, 0.0 ], [ 146.13013, -19.09647, 0.0 ], [ 146.13169, -19.09834, 0.0 ], [ 146.12945, -19.09917, 0.0 ], [ 146.132570000000101, -19.10022, 0.0 ], [ 146.13002, -19.10106, 0.0 ], [ 146.135580000000118, -19.10249, 0.0 ], [ 146.13391, -19.10382, 0.0 ], [ 146.135580000000118, -19.10468, 0.0 ], [ 146.13377, -19.10565, 0.0 ], [ 146.13733, -19.10688, 0.0 ], [ 146.13362, -19.10645, 0.0 ], [ 146.13291, -19.1081, 0.0 ], [ 146.13521, -19.10922, 0.0 ], [ 146.13422, -19.10988, 0.0 ], [ 146.13528, -19.11084, 0.0 ], [ 146.137470000000121, -19.10892, 0.0 ], [ 146.138780000000111, -19.11054, 0.0 ], [ 146.136800000000108, -19.11045, 0.0 ], [ 146.13685, -19.11127, 0.0 ], [ 146.14155, -19.11285, 0.0 ], [ 146.142920000000117, -19.11576, 0.0 ], [ 146.142110000000116, -19.11819, 0.0 ], [ 146.134500000000116, -19.11762, 0.0 ], [ 146.134550000000104, -19.11944, 0.0 ], [ 146.13002, -19.11941, 0.0 ], [ 146.12871, -19.12018, 0.0 ], [ 146.13001, -19.12117, 0.0 ], [ 146.12794, -19.12151, 0.0 ], [ 146.1262, -19.12033, 0.0 ], [ 146.12767, -19.11868, 0.0 ], [ 146.12427, -19.12003, 0.0 ], [ 146.12244, -19.11857, 0.0 ], [ 146.124870000000101, -19.11839, 0.0 ], [ 146.125450000000114, -19.11684, 0.0 ], [ 146.12304, -19.11584, 0.0 ], [ 146.12259, -19.11373, 0.0 ], [ 146.12125, -19.11425, 0.0 ], [ 146.12148, -19.11234, 0.0 ], [ 146.11885, -19.11155, 0.0 ], [ 146.11872, -19.11518, 0.0 ], [ 146.11477, -19.11088, 0.0 ], [ 146.11963, -19.11014, 0.0 ], [ 146.12062, -19.10882, 0.0 ], [ 146.119280000000117, -19.10825, 0.0 ], [ 146.12436, -19.1048, 0.0 ], [ 146.12209, -19.10437, 0.0 ], [ 146.12314, -19.10533, 0.0 ], [ 146.11824, -19.1066, 0.0 ], [ 146.11583, -19.10512, 0.0 ], [ 146.112480000000119, -19.10616, 0.0 ], [ 146.10552, -19.10469, 0.0 ], [ 146.1043, -19.1022, 0.0 ], [ 146.101450000000114, -19.10315, 0.0 ], [ 146.10088, -19.10071, 0.0 ], [ 146.10441, -19.10067, 0.0 ], [ 146.10021, -19.09667, 0.0 ], [ 146.10189, -19.09622, 0.0 ], [ 146.10138, -19.09511, 0.0 ], [ 146.08872, -19.10206, 0.0 ], [ 146.08796, -19.10036, 0.0 ], [ 146.07798, -19.09614, 0.0 ], [ 146.07659, -19.09279, 0.0 ], [ 146.072270000000117, -19.09028, 0.0 ], [ 146.07305, -19.08805, 0.0 ], [ 146.07738, -19.0891, 0.0 ], [ 146.07713, -19.08764, 0.0 ], [ 146.07937, -19.08662, 0.0 ], [ 146.08441, -19.08598, 0.0 ], [ 146.08397, -19.08425, 0.0 ], [ 146.08558, -19.08413, 0.0 ], [ 146.08594, -19.08182, 0.0 ], [ 146.08834, -19.08205, 0.0 ], [ 146.089470000000119, -19.07983, 0.0 ], [ 146.08045, -19.0794, 0.0 ], [ 146.07735, -19.0781, 0.0 ], [ 146.07836, -19.07699, 0.0 ], [ 146.076730000000111, -19.07618, 0.0 ], [ 146.07796, -19.07339, 0.0 ], [ 146.08385, -19.0727, 0.0 ], [ 146.07863, -19.06932, 0.0 ], [ 146.07881, -19.06503, 0.0 ], [ 146.0854, -19.06559, 0.0 ], [ 146.082850000000121, -19.0631, 0.0 ], [ 146.08259, -19.06449, 0.0 ], [ 146.08028, -19.0638, 0.0 ], [ 146.07665, -19.06023, 0.0 ], [ 146.078130000000101, -19.05863, 0.0 ], [ 146.08148, -19.06029, 0.0 ], [ 146.08061, -19.05729, 0.0 ], [ 146.08477, -19.05787, 0.0 ], [ 146.082270000000108, -19.05474, 0.0 ], [ 146.0845, -19.05132, 0.0 ], [ 146.07863, -19.04487, 0.0 ], [ 146.08172, -19.04488, 0.0 ], [ 146.08152, -19.03694, 0.0 ], [ 146.08397, -19.03619, 0.0 ], [ 146.080600000000118, -19.03498, 0.0 ], [ 146.07767, -19.03692, 0.0 ], [ 146.07309, -19.03397, 0.0 ], [ 146.072450000000117, -19.03181, 0.0 ], [ 146.07668, -19.02973, 0.0 ], [ 146.074030000000107, -19.02795, 0.0 ], [ 146.0776800000001, -19.02735, 0.0 ], [ 146.07743, -19.02475, 0.0 ], [ 146.08066, -19.02502, 0.0 ], [ 146.08091, -19.02657, 0.0 ], [ 146.08392, -19.02586, 0.0 ], [ 146.08147, -19.02148, 0.0 ], [ 146.06959, -19.01413, 0.0 ], [ 146.07093, -19.00759, 0.0 ], [ 146.06722, -19.00479, 0.0 ], [ 146.06947, -18.99398, 0.0 ], [ 146.07144, -18.99365, 0.0 ], [ 146.07201, -18.99083, 0.0 ], [ 146.07536, -18.99044, 0.0 ], [ 146.075290000000109, -18.98603, 0.0 ], [ 146.07699, -18.98478, 0.0 ], [ 146.07576, -18.97911, 0.0 ], [ 146.0805, -18.97348, 0.0 ], [ 146.07877, -18.97262, 0.0 ], [ 146.080200000000104, -18.97221, 0.0 ], [ 146.07904, -18.97019, 0.0 ], [ 146.081100000000106, -18.97087, 0.0 ], [ 146.08377, -18.96918, 0.0 ], [ 146.08283, -18.96624, 0.0 ], [ 146.08581, -18.96895, 0.0 ], [ 146.086370000000102, -18.9678, 0.0 ], [ 146.08897, -18.96936, 0.0 ], [ 146.09351, -18.96853, 0.0 ], [ 146.08901, -18.96413, 0.0 ], [ 146.08546, -18.96633, 0.0 ], [ 146.08213000000012, -18.96421, 0.0 ], [ 146.07914, -18.96475, 0.0 ], [ 146.079430000000116, -18.96216, 0.0 ], [ 146.07686, -18.96027, 0.0 ], [ 146.07789, -18.95915, 0.0 ], [ 146.07527, -18.95815, 0.0 ], [ 146.072720000000118, -18.95761, 0.0 ], [ 146.07057, -18.95988, 0.0 ], [ 146.06689, -18.96012, 0.0 ], [ 146.06481, -18.9566, 0.0 ], [ 146.062050000000113, -18.95601, 0.0 ], [ 146.06051, -18.95862, 0.0 ], [ 146.05873, -18.95508, 0.0 ], [ 146.05094, -18.9549, 0.0 ], [ 146.04936, -18.95631, 0.0 ], [ 146.04529, -18.95324, 0.0 ], [ 146.04897, -18.95178, 0.0 ], [ 146.049170000000117, -18.94929, 0.0 ], [ 146.05045, -18.9505, 0.0 ], [ 146.05298, -18.94846, 0.0 ], [ 146.05333, -18.94501, 0.0 ], [ 146.0554, -18.94662, 0.0 ], [ 146.0568, -18.94593, 0.0 ], [ 146.05985, -18.9407, 0.0 ], [ 146.05303, -18.94142, 0.0 ], [ 146.05331, -18.93715, 0.0 ], [ 146.04885, -18.93991, 0.0 ], [ 146.04658, -18.93641, 0.0 ], [ 146.04893, -18.93362, 0.0 ], [ 146.04754, -18.93198, 0.0 ], [ 146.05083, -18.93016, 0.0 ], [ 146.04804, -18.92712, 0.0 ], [ 146.049, -18.92429, 0.0 ], [ 146.05098, -18.9242, 0.0 ], [ 146.05024, -18.92289, 0.0 ], [ 146.05214, -18.92268, 0.0 ], [ 146.05167, -18.92095, 0.0 ], [ 146.05342, -18.92002, 0.0 ], [ 146.05097000000012, -18.91825, 0.0 ], [ 146.052910000000111, -18.91781, 0.0 ], [ 146.05479, -18.91408, 0.0 ], [ 146.05263, -18.91044, 0.0 ], [ 146.04757, -18.90918, 0.0 ], [ 146.04789, -18.91154, 0.0 ], [ 146.04458000000011, -18.91636, 0.0 ], [ 146.04694, -18.91788, 0.0 ], [ 146.04479, -18.91868, 0.0 ], [ 146.04478, -18.92113, 0.0 ], [ 146.04198, -18.92183, 0.0 ], [ 146.04163, -18.91932, 0.0 ], [ 146.04073, -18.92032, 0.0 ], [ 146.039900000000102, -18.91895, 0.0 ], [ 146.039900000000102, -18.9201, 0.0 ], [ 146.03797, -18.92007, 0.0 ], [ 146.04133, -18.91421, 0.0 ], [ 146.04113, -18.91197, 0.0 ], [ 146.0455, -18.90959, 0.0 ], [ 146.04451, -18.90712, 0.0 ], [ 146.047, -18.90337, 0.0 ], [ 146.03919, -18.8994, 0.0 ], [ 146.03826, -18.90092, 0.0 ], [ 146.035170000000107, -18.8971, 0.0 ], [ 146.043360000000121, -18.89782, 0.0 ], [ 146.03509, -18.89484, 0.0 ], [ 146.03095, -18.89712, 0.0 ], [ 146.02447, -18.89689, 0.0 ], [ 146.02412, -18.89871, 0.0 ], [ 146.0214, -18.89969, 0.0 ], [ 146.02338, -18.90635, 0.0 ], [ 146.02214, -18.90562, 0.0 ], [ 146.01945000000012, -18.90783, 0.0 ], [ 146.0157, -18.90622, 0.0 ], [ 146.0171, -18.90768, 0.0 ], [ 146.01403, -18.90904, 0.0 ], [ 146.016620000000103, -18.90925, 0.0 ], [ 146.01515, -18.91003, 0.0 ], [ 146.01721, -18.91192, 0.0 ], [ 146.01731, -18.91586, 0.0 ], [ 146.02021, -18.91795, 0.0 ], [ 146.018730000000119, -18.91906, 0.0 ], [ 146.01404, -18.91835, 0.0 ], [ 146.01364, -18.9205, 0.0 ], [ 146.01755, -18.92243, 0.0 ], [ 146.01624, -18.92305, 0.0 ], [ 146.0138, -18.92125, 0.0 ], [ 146.01156, -18.92241, 0.0 ], [ 146.00801, -18.92002, 0.0 ], [ 146.00567, -18.92038, 0.0 ], [ 146.00418, -18.91678, 0.0 ], [ 146.00048, -18.91739, 0.0 ], [ 146.00237, -18.91646, 0.0 ], [ 146.00083, -18.91336, 0.0 ], [ 145.99852, -18.9138, 0.0 ], [ 145.99627, -18.91049, 0.0 ], [ 145.99304, -18.9109, 0.0 ], [ 145.99323, -18.90645, 0.0 ], [ 145.997030000000109, -18.90523, 0.0 ], [ 145.9953, -18.90489, 0.0 ], [ 145.994820000000118, -18.90257, 0.0 ], [ 145.9949, -18.90393, 0.0 ], [ 145.99279, -18.90375, 0.0 ], [ 145.99143, -18.9014, 0.0 ], [ 145.98821, -18.90396, 0.0 ], [ 145.987350000000106, -18.90807, 0.0 ], [ 145.98242, -18.91016, 0.0 ], [ 145.98004, -18.90585, 0.0 ], [ 145.97469, -18.90441, 0.0 ], [ 145.97104, -18.90478, 0.0 ], [ 145.96978, -18.90818, 0.0 ], [ 145.965420000000108, -18.90476, 0.0 ], [ 145.9613, -18.90728, 0.0 ], [ 145.96059, -18.9045, 0.0 ], [ 145.957630000000108, -18.90474, 0.0 ], [ 145.955240000000117, -18.90155, 0.0 ], [ 145.94838, -18.89998, 0.0 ], [ 145.94731, -18.89516, 0.0 ], [ 145.93632, -18.89212, 0.0 ], [ 145.93531, -18.89467, 0.0 ], [ 145.93024, -18.89781, 0.0 ], [ 145.92744, -18.89393, 0.0 ], [ 145.924530000000118, -18.89686, 0.0 ], [ 145.91876, -18.89601, 0.0 ], [ 145.91772, -18.89803, 0.0 ], [ 145.92069, -18.90077, 0.0 ], [ 145.91569, -18.90098, 0.0 ], [ 145.9178, -18.90229, 0.0 ], [ 145.91923, -18.90143, 0.0 ], [ 145.91837, -18.90685, 0.0 ], [ 145.91533, -18.90645, 0.0 ], [ 145.913500000000113, -18.90344, 0.0 ], [ 145.91221, -18.90512, 0.0 ], [ 145.912960000000112, -18.90816, 0.0 ], [ 145.91109, -18.90763, 0.0 ], [ 145.90935, -18.90952, 0.0 ], [ 145.90555, -18.90875, 0.0 ], [ 145.904720000000111, -18.90573, 0.0 ], [ 145.904630000000111, -18.90744, 0.0 ], [ 145.90167, -18.90775, 0.0 ], [ 145.9011, -18.9092, 0.0 ], [ 145.89811, -18.90617, 0.0 ], [ 145.89863, -18.90776, 0.0 ], [ 145.89533, -18.90687, 0.0 ], [ 145.895040000000108, -18.9086, 0.0 ], [ 145.89287, -18.9084, 0.0 ], [ 145.89235, -18.91039, 0.0 ], [ 145.890220000000113, -18.91063, 0.0 ], [ 145.89041, -18.90733, 0.0 ], [ 145.89509, -18.90543, 0.0 ], [ 145.89065, -18.90319, 0.0 ], [ 145.88859, -18.90371, 0.0 ], [ 145.885400000000118, -18.90067, 0.0 ], [ 145.88422, -18.90184, 0.0 ], [ 145.878290000000106, -18.89917, 0.0 ], [ 145.883960000000116, -18.89487, 0.0 ], [ 145.88453, -18.88975, 0.0 ], [ 145.882520000000113, -18.88744, 0.0 ], [ 145.88487, -18.88647, 0.0 ], [ 145.88681, -18.88892, 0.0 ], [ 145.88651, -18.89108, 0.0 ], [ 145.89073, -18.88722, 0.0 ], [ 145.88232, -18.88445, 0.0 ], [ 145.88179, -18.88292, 0.0 ], [ 145.88429, -18.88192, 0.0 ], [ 145.882880000000114, -18.87959, 0.0 ], [ 145.88195, -18.88161, 0.0 ], [ 145.87924, -18.88024, 0.0 ], [ 145.88107, -18.88201, 0.0 ], [ 145.88048, -18.88547, 0.0 ], [ 145.87860000000012, -18.88444, 0.0 ], [ 145.878830000000107, -18.88294, 0.0 ], [ 145.87459, -18.88606, 0.0 ], [ 145.87278, -18.88543, 0.0 ], [ 145.86994, -18.89279, 0.0 ], [ 145.86561, -18.88899, 0.0 ], [ 145.86443, -18.88575, 0.0 ], [ 145.86665, -18.88518, 0.0 ], [ 145.86738, -18.88726, 0.0 ], [ 145.86871, -18.88642, 0.0 ], [ 145.86841, -18.88406, 0.0 ], [ 145.86727, -18.8836, 0.0 ], [ 145.86705, -18.88501, 0.0 ], [ 145.86061, -18.88372, 0.0 ], [ 145.86214, -18.88636, 0.0 ], [ 145.85905, -18.88509, 0.0 ], [ 145.85727, -18.88683, 0.0 ], [ 145.85549, -18.88567, 0.0 ], [ 145.85735000000011, -18.88267, 0.0 ], [ 145.853750000000105, -18.87902, 0.0 ], [ 145.85333, -18.88306, 0.0 ], [ 145.8489, -18.881, 0.0 ], [ 145.84445, -18.88635, 0.0 ], [ 145.842220000000111, -18.88498, 0.0 ], [ 145.84283, -18.88097, 0.0 ], [ 145.84167, -18.87958, 0.0 ], [ 145.840910000000122, -18.884, 0.0 ], [ 145.8363, -18.88601, 0.0 ], [ 145.83484, -18.87257, 0.0 ], [ 145.83966, -18.86913, 0.0 ], [ 145.84178, -18.86932, 0.0 ], [ 145.84336, -18.86572, 0.0 ], [ 145.83535, -18.86155, 0.0 ], [ 145.83541, -18.85474, 0.0 ], [ 145.83333, -18.85532, 0.0 ], [ 145.82977, -18.85253, 0.0 ], [ 145.830690000000118, -18.85055, 0.0 ], [ 145.82518, -18.8483, 0.0 ], [ 145.82683, -18.84625, 0.0 ], [ 145.82489, -18.84647, 0.0 ], [ 145.822540000000117, -18.84418, 0.0 ], [ 145.82039, -18.8447, 0.0 ], [ 145.81967, -18.84758, 0.0 ], [ 145.81755, -18.84524, 0.0 ], [ 145.81446, -18.84571, 0.0 ], [ 145.81215, -18.84205, 0.0 ], [ 145.811420000000112, -18.84306, 0.0 ], [ 145.809710000000109, -18.84195, 0.0 ], [ 145.81007000000011, -18.83837, 0.0 ], [ 145.80758, -18.83708, 0.0 ], [ 145.80831000000012, -18.83427, 0.0 ], [ 145.80551, -18.83427, 0.0 ], [ 145.804440000000113, -18.83209, 0.0 ], [ 145.79628, -18.83289, 0.0 ], [ 145.7911, -18.82971, 0.0 ], [ 145.78892, -18.82561, 0.0 ], [ 145.78403, -18.82704, 0.0 ], [ 145.78208, -18.82579, 0.0 ], [ 145.776880000000119, -18.82794, 0.0 ], [ 145.7757, -18.82666, 0.0 ], [ 145.77668, -18.82481, 0.0 ], [ 145.773870000000102, -18.82459, 0.0 ], [ 145.77587, -18.8224, 0.0 ], [ 145.77521, -18.81984, 0.0 ], [ 145.7723, -18.82025, 0.0 ], [ 145.76865, -18.82361, 0.0 ], [ 145.76695, -18.82118, 0.0 ], [ 145.768510000000106, -18.81917, 0.0 ], [ 145.7626, -18.81787, 0.0 ], [ 145.7628, -18.81477, 0.0 ], [ 145.76848, -18.81196, 0.0 ], [ 145.767380000000117, -18.80772, 0.0 ], [ 145.77034, -18.80656, 0.0 ], [ 145.76985, -18.80524, 0.0 ], [ 145.77131, -18.80472, 0.0 ], [ 145.76966, -18.80468, 0.0 ], [ 145.770220000000108, -18.80298, 0.0 ], [ 145.77622, -18.80437, 0.0 ], [ 145.7769, -18.80117, 0.0 ], [ 145.77568, -18.80222, 0.0 ], [ 145.775940000000105, -18.80027, 0.0 ], [ 145.768510000000106, -18.8025, 0.0 ], [ 145.764500000000112, -18.79909, 0.0 ], [ 145.76485, -18.79643, 0.0 ], [ 145.76292, -18.79608, 0.0 ], [ 145.76577, -18.79378, 0.0 ], [ 145.76499, -18.79041, 0.0 ], [ 145.761260000000107, -18.78784, 0.0 ], [ 145.7614, -18.79388, 0.0 ], [ 145.757930000000101, -18.79404, 0.0 ], [ 145.75553, -18.78678, 0.0 ], [ 145.7594, -18.78626, 0.0 ], [ 145.75888, -18.78442, 0.0 ], [ 145.75006, -18.78724, 0.0 ], [ 145.750900000000115, -18.7856, 0.0 ], [ 145.74851, -18.78562, 0.0 ], [ 145.7493300000001, -18.78402, 0.0 ], [ 145.74675, -18.7835, 0.0 ], [ 145.74961, -18.78252, 0.0 ], [ 145.74594, -18.78064, 0.0 ], [ 145.7471, -18.7788, 0.0 ], [ 145.74596, -18.77762, 0.0 ], [ 145.74792, -18.77683, 0.0 ], [ 145.74606, -18.77447, 0.0 ], [ 145.7444, -18.77556, 0.0 ], [ 145.74317, -18.77351, 0.0 ], [ 145.741490000000113, -18.77404, 0.0 ], [ 145.74297, -18.76905, 0.0 ], [ 145.74499, -18.76873, 0.0 ], [ 145.74196, -18.76458, 0.0 ], [ 145.74869, -18.76609, 0.0 ], [ 145.75251, -18.76361, 0.0 ], [ 145.74836, -18.76159, 0.0 ], [ 145.750500000000102, -18.75888, 0.0 ], [ 145.748380000000111, -18.75857, 0.0 ], [ 145.7483, -18.75694, 0.0 ], [ 145.75048, -18.75603, 0.0 ], [ 145.74886, -18.75217, 0.0 ], [ 145.74626000000012, -18.75106, 0.0 ], [ 145.74737, -18.74959, 0.0 ], [ 145.744730000000118, -18.75017, 0.0 ], [ 145.744, -18.74819, 0.0 ], [ 145.746530000000121, -18.74684, 0.0 ], [ 145.74439, -18.7462, 0.0 ], [ 145.74609, -18.74016, 0.0 ], [ 145.75159, -18.74, 0.0 ], [ 145.75259, -18.73815, 0.0 ], [ 145.74954, -18.73685, 0.0 ], [ 145.7507, -18.73425, 0.0 ], [ 145.74743, -18.73308, 0.0 ], [ 145.74842, -18.73815, 0.0 ], [ 145.74273, -18.73235, 0.0 ], [ 145.74399, -18.73137, 0.0 ], [ 145.74265, -18.73094, 0.0 ], [ 145.74296, -18.72908, 0.0 ], [ 145.741400000000112, -18.72917, 0.0 ], [ 145.74063, -18.7258, 0.0 ], [ 145.74201, -18.72113, 0.0 ], [ 145.74016, -18.72166, 0.0 ], [ 145.73269, -18.71581, 0.0 ], [ 145.727080000000115, -18.71751, 0.0 ], [ 145.726900000000114, -18.71245, 0.0 ], [ 145.72219, -18.7064, 0.0 ], [ 145.71737, -18.70827, 0.0 ], [ 145.71293, -18.70425, 0.0 ], [ 145.705920000000106, -18.70204, 0.0 ], [ 145.70356, -18.70686, 0.0 ], [ 145.69887, -18.70157, 0.0 ], [ 145.69692, -18.69673, 0.0 ], [ 145.69063, -18.69866, 0.0 ], [ 145.68704, -18.69712, 0.0 ], [ 145.680480000000102, -18.69128, 0.0 ], [ 145.68425, -18.68863, 0.0 ], [ 145.6791300000001, -18.68761, 0.0 ], [ 145.67781, -18.68569, 0.0 ], [ 145.67792, -18.68288, 0.0 ], [ 145.68298, -18.68239, 0.0 ], [ 145.68487, -18.67884, 0.0 ], [ 145.6765, -18.67659, 0.0 ], [ 145.67763, -18.67237, 0.0 ], [ 145.67607, -18.66736, 0.0 ], [ 145.66926, -18.66859, 0.0 ], [ 145.66406, -18.66418, 0.0 ], [ 145.65615, -18.66783, 0.0 ], [ 145.65163, -18.66363, 0.0 ], [ 145.644900000000121, -18.66864, 0.0 ], [ 145.6419, -18.66774, 0.0 ], [ 145.642560000000117, -18.66614, 0.0 ], [ 145.63882, -18.6659, 0.0 ], [ 145.63979, -18.67142, 0.0 ], [ 145.63849, -18.67267, 0.0 ], [ 145.63454, -18.67196, 0.0 ], [ 145.63345, -18.6737, 0.0 ], [ 145.62578, -18.67068, 0.0 ], [ 145.629950000000122, -18.66944, 0.0 ], [ 145.62987, -18.66256, 0.0 ], [ 145.632160000000113, -18.66411, 0.0 ], [ 145.633110000000102, -18.66116, 0.0 ], [ 145.63471, -18.66096, 0.0 ], [ 145.634500000000116, -18.65924, 0.0 ], [ 145.6323000000001, -18.65841, 0.0 ], [ 145.63219, -18.65573, 0.0 ], [ 145.63816, -18.65861, 0.0 ], [ 145.63826, -18.6562, 0.0 ], [ 145.63292, -18.65414, 0.0 ], [ 145.63353, -18.65123, 0.0 ], [ 145.63628, -18.6499, 0.0 ], [ 145.63785, -18.65173, 0.0 ], [ 145.639770000000112, -18.64851, 0.0 ], [ 145.63523, -18.64508, 0.0 ], [ 145.63813, -18.64027, 0.0 ], [ 145.63701, -18.63574, 0.0 ], [ 145.641260000000102, -18.63511, 0.0 ], [ 145.643150000000105, -18.63808, 0.0 ], [ 145.64147, -18.64101, 0.0 ], [ 145.645170000000121, -18.64312, 0.0 ], [ 145.644990000000121, -18.64028, 0.0 ], [ 145.65126, -18.63654, 0.0 ], [ 145.649450000000115, -18.6352, 0.0 ], [ 145.64583, -18.63674, 0.0 ], [ 145.638870000000111, -18.632, 0.0 ], [ 145.63937, -18.62919, 0.0 ], [ 145.64321, -18.63118, 0.0 ], [ 145.64403, -18.62911, 0.0 ], [ 145.64506, -18.63085, 0.0 ], [ 145.648010000000113, -18.62983, 0.0 ], [ 145.64598, -18.62699, 0.0 ], [ 145.6411, -18.62913, 0.0 ], [ 145.63885, -18.62643, 0.0 ], [ 145.63971, -18.62421, 0.0 ], [ 145.64114, -18.62562, 0.0 ], [ 145.64554, -18.62389, 0.0 ], [ 145.643370000000118, -18.61999, 0.0 ], [ 145.64314, -18.61514, 0.0 ], [ 145.64625, -18.61623, 0.0 ], [ 145.64678, -18.61798, 0.0 ], [ 145.64871, -18.61713, 0.0 ], [ 145.6468, -18.6148, 0.0 ], [ 145.64748, -18.6128, 0.0 ], [ 145.64458, -18.61391, 0.0 ], [ 145.64349, -18.61038, 0.0 ], [ 145.646, -18.60623, 0.0 ], [ 145.64424, -18.60226, 0.0 ], [ 145.64489, -18.59978, 0.0 ], [ 145.64764, -18.5995, 0.0 ], [ 145.64581, -18.59716, 0.0 ], [ 145.64975, -18.59689, 0.0 ], [ 145.65074, -18.59284, 0.0 ], [ 145.64979, -18.58914, 0.0 ], [ 145.64636, -18.59248, 0.0 ], [ 145.64329, -18.59133, 0.0 ], [ 145.64456, -18.58812, 0.0 ], [ 145.64956, -18.58381, 0.0 ], [ 145.64928, -18.58224, 0.0 ], [ 145.64293, -18.58212, 0.0 ], [ 145.64439, -18.57937, 0.0 ], [ 145.6398200000001, -18.58047, 0.0 ], [ 145.64497, -18.57467, 0.0 ], [ 145.645490000000109, -18.57031, 0.0 ], [ 145.64895, -18.56978, 0.0 ], [ 145.64872, -18.56862, 0.0 ], [ 145.65302, -18.57004, 0.0 ], [ 145.65581, -18.56847, 0.0 ], [ 145.65763, -18.56473, 0.0 ], [ 145.66168, -18.56389, 0.0 ], [ 145.66405, -18.56543, 0.0 ], [ 145.665, -18.56361, 0.0 ], [ 145.66405, -18.56203, 0.0 ], [ 145.656970000000115, -18.56351, 0.0 ], [ 145.658370000000104, -18.56097, 0.0 ], [ 145.65516, -18.55765, 0.0 ], [ 145.6573, -18.55497, 0.0 ], [ 145.65538, -18.55244, 0.0 ], [ 145.65158, -18.55055, 0.0 ], [ 145.65105, -18.55181, 0.0 ], [ 145.64946, -18.54979, 0.0 ], [ 145.64804, -18.55168, 0.0 ], [ 145.64975, -18.55203, 0.0 ], [ 145.64453, -18.55739, 0.0 ], [ 145.6411, -18.55687, 0.0 ], [ 145.642520000000104, -18.55259, 0.0 ], [ 145.63787, -18.55519, 0.0 ], [ 145.63735, -18.5534, 0.0 ], [ 145.634370000000104, -18.55411, 0.0 ], [ 145.636, -18.55629, 0.0 ], [ 145.63904, -18.55637, 0.0 ], [ 145.63553, -18.5598, 0.0 ], [ 145.63762, -18.56648, 0.0 ], [ 145.633560000000102, -18.56578, 0.0 ], [ 145.63187, -18.56272, 0.0 ], [ 145.627250000000117, -18.56218, 0.0 ], [ 145.63056, -18.5595, 0.0 ], [ 145.62939, -18.5583, 0.0 ], [ 145.623740000000112, -18.55885, 0.0 ], [ 145.6252, -18.55699, 0.0 ], [ 145.62256, -18.55598, 0.0 ], [ 145.62423, -18.55479, 0.0 ], [ 145.62271, -18.55239, 0.0 ], [ 145.619190000000117, -18.55266, 0.0 ], [ 145.6163, -18.54858, 0.0 ], [ 145.61768, -18.54657, 0.0 ], [ 145.6164500000001, -18.54514, 0.0 ], [ 145.61182, -18.54489, 0.0 ], [ 145.61246, -18.5437, 0.0 ], [ 145.61085, -18.54266, 0.0 ], [ 145.61599, -18.53982, 0.0 ], [ 145.61706, -18.53349, 0.0 ], [ 145.620770000000107, -18.53353, 0.0 ], [ 145.61926, -18.53128, 0.0 ], [ 145.622120000000109, -18.52595, 0.0 ], [ 145.61954, -18.52235, 0.0 ], [ 145.617840000000115, -18.52361, 0.0 ], [ 145.61776, -18.5216, 0.0 ], [ 145.611180000000104, -18.51814, 0.0 ], [ 145.61247, -18.5157, 0.0 ], [ 145.614330000000109, -18.51576, 0.0 ], [ 145.61255, -18.5121, 0.0 ], [ 145.61461, -18.51347, 0.0 ], [ 145.61549, -18.51136, 0.0 ], [ 145.62064, -18.51099, 0.0 ], [ 145.617890000000102, -18.50946, 0.0 ], [ 145.62021, -18.50791, 0.0 ], [ 145.61885, -18.50747, 0.0 ], [ 145.61893, -18.50485, 0.0 ], [ 145.61651, -18.5058, 0.0 ], [ 145.61733, -18.50293, 0.0 ], [ 145.622160000000122, -18.50283, 0.0 ], [ 145.620540000000119, -18.50111, 0.0 ], [ 145.62231, -18.49935, 0.0 ], [ 145.62673, -18.50076, 0.0 ], [ 145.62962, -18.49759, 0.0 ], [ 145.629550000000108, -18.49477, 0.0 ], [ 145.62749, -18.49467, 0.0 ], [ 145.62754, -18.4915, 0.0 ], [ 145.63159, -18.49118, 0.0 ], [ 145.63497, -18.49289, 0.0 ], [ 145.635400000000118, -18.48832, 0.0 ], [ 145.63860000000011, -18.48844, 0.0 ], [ 145.63666000000012, -18.48604, 0.0 ], [ 145.63474, -18.48786, 0.0 ], [ 145.634770000000117, -18.48544, 0.0 ], [ 145.64128, -18.48415, 0.0 ], [ 145.63965, -18.48084, 0.0 ], [ 145.643060000000105, -18.47807, 0.0 ], [ 145.6412, -18.47463, 0.0 ], [ 145.63823, -18.4748, 0.0 ], [ 145.64026, -18.47212, 0.0 ], [ 145.63675000000012, -18.46637, 0.0 ], [ 145.63737, -18.46459, 0.0 ], [ 145.641170000000102, -18.46534, 0.0 ], [ 145.64231, -18.46359, 0.0 ], [ 145.63701, -18.45927, 0.0 ], [ 145.6392, -18.45658, 0.0 ], [ 145.64303, -18.46033, 0.0 ], [ 145.64317, -18.45717, 0.0 ], [ 145.641930000000116, -18.45688, 0.0 ], [ 145.643280000000118, -18.45534, 0.0 ], [ 145.63904, -18.4542, 0.0 ], [ 145.6411, -18.4521, 0.0 ], [ 145.64451, -18.45336, 0.0 ], [ 145.649630000000116, -18.4511, 0.0 ], [ 145.64746, -18.45745, 0.0 ], [ 145.64975, -18.45868, 0.0 ], [ 145.64852, -18.46047, 0.0 ], [ 145.65106, -18.46218, 0.0 ], [ 145.65333, -18.46082, 0.0 ], [ 145.6537, -18.45495, 0.0 ], [ 145.65722, -18.45413, 0.0 ], [ 145.653190000000109, -18.4487, 0.0 ], [ 145.6557600000001, -18.44736, 0.0 ], [ 145.65486, -18.44532, 0.0 ], [ 145.6514, -18.44536, 0.0 ], [ 145.64857, -18.44024, 0.0 ], [ 145.645170000000121, -18.43918, 0.0 ], [ 145.64451, -18.43718, 0.0 ], [ 145.63821, -18.43731, 0.0 ], [ 145.63974, -18.43427, 0.0 ], [ 145.63805, -18.43311, 0.0 ], [ 145.63826, -18.43112, 0.0 ], [ 145.64278, -18.42905, 0.0 ], [ 145.63956, -18.42615, 0.0 ], [ 145.64445000000012, -18.42426, 0.0 ], [ 145.641170000000102, -18.42301, 0.0 ], [ 145.6399100000001, -18.42422, 0.0 ], [ 145.63794, -18.42049, 0.0 ], [ 145.63652, -18.42171, 0.0 ], [ 145.63597, -18.41621, 0.0 ], [ 145.63836, -18.41512, 0.0 ], [ 145.63832, -18.41355, 0.0 ], [ 145.64156, -18.41399, 0.0 ], [ 145.63643, -18.41101, 0.0 ], [ 145.63397, -18.41199, 0.0 ], [ 145.63326, -18.40866, 0.0 ], [ 145.63101, -18.40847, 0.0 ], [ 145.62969, -18.40586, 0.0 ], [ 145.62252, -18.40197, 0.0 ], [ 145.62154, -18.39805, 0.0 ], [ 145.61524, -18.3937, 0.0 ], [ 145.61519, -18.3904, 0.0 ], [ 145.61258, -18.39088, 0.0 ], [ 145.61054, -18.38906, 0.0 ], [ 145.60934, -18.38634, 0.0 ], [ 145.610280000000103, -18.38326, 0.0 ], [ 145.604150000000118, -18.37592, 0.0 ], [ 145.60592, -18.37345, 0.0 ], [ 145.60372, -18.37142, 0.0 ], [ 145.60179, -18.37273, 0.0 ], [ 145.59851, -18.37103, 0.0 ], [ 145.59977, -18.36767, 0.0 ], [ 145.59769, -18.36767, 0.0 ], [ 145.59737, -18.36576, 0.0 ], [ 145.5955, -18.36608, 0.0 ], [ 145.59268, -18.36328, 0.0 ], [ 145.593440000000101, -18.35955, 0.0 ], [ 145.59229, -18.35846, 0.0 ], [ 145.59838, -18.35577, 0.0 ], [ 145.59874, -18.35008, 0.0 ], [ 145.6011400000001, -18.3506, 0.0 ], [ 145.60305, -18.3485, 0.0 ], [ 145.609960000000115, -18.35004, 0.0 ], [ 145.60844, -18.35111, 0.0 ], [ 145.6124, -18.35219, 0.0 ], [ 145.61371, -18.35532, 0.0 ], [ 145.61585, -18.35625, 0.0 ], [ 145.61534, -18.35381, 0.0 ], [ 145.61678, -18.35504, 0.0 ], [ 145.61652, -18.35305, 0.0 ], [ 145.6211, -18.3539, 0.0 ], [ 145.61876, -18.3516, 0.0 ], [ 145.61932, -18.34833, 0.0 ], [ 145.62696, -18.35529, 0.0 ], [ 145.6307, -18.35392, 0.0 ], [ 145.62723, -18.34957, 0.0 ], [ 145.62826, -18.34689, 0.0 ], [ 145.626760000000104, -18.34016, 0.0 ], [ 145.628420000000119, -18.33842, 0.0 ], [ 145.620360000000119, -18.33388, 0.0 ], [ 145.616760000000113, -18.32978, 0.0 ], [ 145.61268, -18.32867, 0.0 ], [ 145.61075, -18.32579, 0.0 ], [ 145.61021, -18.32668, 0.0 ], [ 145.60703, -18.32694, 0.0 ], [ 145.60777, -18.32524, 0.0 ], [ 145.60526, -18.32304, 0.0 ], [ 145.60342, -18.32362, 0.0 ], [ 145.60216, -18.32154, 0.0 ], [ 145.60365, -18.32164, 0.0 ], [ 145.60377, -18.32067, 0.0 ], [ 145.600550000000112, -18.31925, 0.0 ], [ 145.59894, -18.31982, 0.0 ], [ 145.5997, -18.32103, 0.0 ], [ 145.595510000000104, -18.32218, 0.0 ], [ 145.598300000000108, -18.32618, 0.0 ], [ 145.593750000000114, -18.3268, 0.0 ], [ 145.593930000000114, -18.32801, 0.0 ], [ 145.59134, -18.32809, 0.0 ], [ 145.59048, -18.32327, 0.0 ], [ 145.588030000000117, -18.32155, 0.0 ], [ 145.58418, -18.32143, 0.0 ], [ 145.58384, -18.32313, 0.0 ], [ 145.58279, -18.32071, 0.0 ], [ 145.58226, -18.32268, 0.0 ], [ 145.58077, -18.32166, 0.0 ], [ 145.5803, -18.32408, 0.0 ], [ 145.57834, -18.32433, 0.0 ], [ 145.57419, -18.3197, 0.0 ], [ 145.57523, -18.31764, 0.0 ], [ 145.5724, -18.317, 0.0 ], [ 145.57419, -18.31453, 0.0 ], [ 145.56794, -18.31293, 0.0 ], [ 145.56665, -18.30904, 0.0 ], [ 145.56138, -18.30564, 0.0 ], [ 145.56075, -18.30312, 0.0 ], [ 145.55775, -18.30257, 0.0 ], [ 145.55937, -18.29899, 0.0 ], [ 145.55464, -18.29735, 0.0 ], [ 145.55369, -18.29485, 0.0 ], [ 145.54968, -18.29439, 0.0 ], [ 145.54826, -18.29109, 0.0 ], [ 145.55228000000011, -18.28874, 0.0 ], [ 145.549400000000105, -18.2868, 0.0 ], [ 145.55069, -18.28493, 0.0 ], [ 145.54898, -18.281, 0.0 ], [ 145.549530000000118, -18.28002, 0.0 ], [ 145.54977, -18.282, 0.0 ], [ 145.55263, -18.28278, 0.0 ], [ 145.55443, -18.27669, 0.0 ], [ 145.55265, -18.26704, 0.0 ], [ 145.55464, -18.26619, 0.0 ], [ 145.55635, -18.26801, 0.0 ], [ 145.55882, -18.26681, 0.0 ], [ 145.56007000000011, -18.26503, 0.0 ], [ 145.55958, -18.25848, 0.0 ], [ 145.56227, -18.25682, 0.0 ], [ 145.55598, -18.25504, 0.0 ], [ 145.55582, -18.25248, 0.0 ], [ 145.55414, -18.2535, 0.0 ], [ 145.54941, -18.25209, 0.0 ], [ 145.54965, -18.24933, 0.0 ], [ 145.54544, -18.24815, 0.0 ], [ 145.55053, -18.24278, 0.0 ], [ 145.54131, -18.24027, 0.0 ], [ 145.542150000000106, -18.2374, 0.0 ], [ 145.53711, -18.23564, 0.0 ], [ 145.54058, -18.23338, 0.0 ], [ 145.5375, -18.22885, 0.0 ], [ 145.53811, -18.22422, 0.0 ], [ 145.54271, -18.22594, 0.0 ], [ 145.5442, -18.23116, 0.0 ], [ 145.55096, -18.23269, 0.0 ], [ 145.5526, -18.23579, 0.0 ], [ 145.55738, -18.23876, 0.0 ], [ 145.564080000000104, -18.23583, 0.0 ], [ 145.565340000000106, -18.22996, 0.0 ], [ 145.56796, -18.22798, 0.0 ], [ 145.56648, -18.22593, 0.0 ], [ 145.56699, -18.22354, 0.0 ], [ 145.56443, -18.22392, 0.0 ], [ 145.56477, -18.2212, 0.0 ], [ 145.5681, -18.22107, 0.0 ], [ 145.56823, -18.22306, 0.0 ], [ 145.57022, -18.22285, 0.0 ], [ 145.56995, -18.22021, 0.0 ], [ 145.57535, -18.22156, 0.0 ], [ 145.57737, -18.22253, 0.0 ], [ 145.57742, -18.22502, 0.0 ], [ 145.5807, -18.22636, 0.0 ], [ 145.58112, -18.22498, 0.0 ], [ 145.57834, -18.22457, 0.0 ], [ 145.578040000000101, -18.22017, 0.0 ], [ 145.58183, -18.22043, 0.0 ], [ 145.58215, -18.21891, 0.0 ], [ 145.57327, -18.21616, 0.0 ], [ 145.57765, -18.21586, 0.0 ], [ 145.5796, -18.21093, 0.0 ], [ 145.577360000000112, -18.20637, 0.0 ], [ 145.582720000000108, -18.20005, 0.0 ], [ 145.581190000000106, -18.19742, 0.0 ], [ 145.58487, -18.19584, 0.0 ], [ 145.58238, -18.1901, 0.0 ], [ 145.58361, -18.18729, 0.0 ], [ 145.58852, -18.18624, 0.0 ], [ 145.5871, -18.18152, 0.0 ], [ 145.588980000000106, -18.18083, 0.0 ], [ 145.58967, -18.17633, 0.0 ], [ 145.5873, -18.17531, 0.0 ], [ 145.585330000000113, -18.16926, 0.0 ], [ 145.587270000000103, -18.1689, 0.0 ], [ 145.58723, -18.1641, 0.0 ], [ 145.58926, -18.16111, 0.0 ], [ 145.58703, -18.15653, 0.0 ], [ 145.589200000000119, -18.15253, 0.0 ], [ 145.58604, -18.15012, 0.0 ], [ 145.59063, -18.14597, 0.0 ], [ 145.58795, -18.14722, 0.0 ], [ 145.58753, -18.14386, 0.0 ], [ 145.582670000000121, -18.14482, 0.0 ], [ 145.58211, -18.14922, 0.0 ], [ 145.58, -18.14879, 0.0 ], [ 145.57685, -18.14494, 0.0 ], [ 145.57559, -18.14566, 0.0 ], [ 145.57675, -18.14046, 0.0 ], [ 145.578130000000101, -18.14252, 0.0 ], [ 145.57992, -18.13911, 0.0 ], [ 145.578440000000114, -18.1325, 0.0 ], [ 145.57674, -18.1314, 0.0 ], [ 145.57085, -18.13315, 0.0 ], [ 145.56904, -18.13126, 0.0 ], [ 145.56634, -18.13199, 0.0 ], [ 145.566010000000119, -18.12756, 0.0 ], [ 145.5629, -18.1257, 0.0 ], [ 145.56236, -18.12302, 0.0 ], [ 145.56078, -18.12295, 0.0 ], [ 145.56071, -18.12565, 0.0 ], [ 145.55907, -18.12307, 0.0 ], [ 145.557140000000118, -18.12369, 0.0 ], [ 145.55798, -18.12013, 0.0 ], [ 145.5502, -18.12011, 0.0 ], [ 145.5497, -18.11601, 0.0 ], [ 145.54785, -18.11648, 0.0 ], [ 145.547240000000102, -18.11447, 0.0 ], [ 145.54361, -18.11532, 0.0 ], [ 145.54412, -18.1167, 0.0 ], [ 145.54182, -18.11884, 0.0 ], [ 145.539450000000102, -18.11866, 0.0 ], [ 145.54018, -18.12161, 0.0 ], [ 145.53714, -18.11695, 0.0 ], [ 145.53316, -18.1146, 0.0 ], [ 145.52646, -18.11367, 0.0 ], [ 145.5235, -18.1192, 0.0 ], [ 145.52413, -18.12146, 0.0 ], [ 145.52628, -18.12095, 0.0 ], [ 145.52458, -18.12606, 0.0 ], [ 145.52112000000011, -18.12882, 0.0 ], [ 145.517250000000104, -18.12838, 0.0 ], [ 145.52111, -18.12053, 0.0 ], [ 145.51958, -18.11828, 0.0 ], [ 145.5148, -18.11744, 0.0 ], [ 145.51601, -18.11252, 0.0 ], [ 145.50574, -18.09715, 0.0 ], [ 145.51092, -18.09495, 0.0 ], [ 145.50172, -18.09462, 0.0 ], [ 145.502340000000117, -18.09091, 0.0 ], [ 145.50055, -18.08963, 0.0 ], [ 145.50481, -18.08392, 0.0 ], [ 145.50438, -18.08255, 0.0 ], [ 145.51084, -18.07749, 0.0 ], [ 145.51002, -18.07384, 0.0 ], [ 145.51202000000012, -18.07221, 0.0 ], [ 145.51309, -18.06616, 0.0 ], [ 145.51539, -18.06495, 0.0 ], [ 145.51415, -18.06289, 0.0 ], [ 145.50992, -18.06554, 0.0 ], [ 145.50801, -18.06483, 0.0 ], [ 145.50773, -18.06826, 0.0 ], [ 145.50445, -18.07044, 0.0 ], [ 145.50358, -18.07432, 0.0 ], [ 145.50065, -18.07423, 0.0 ], [ 145.49941, -18.07746, 0.0 ], [ 145.49258, -18.07547, 0.0 ], [ 145.48779, -18.07696, 0.0 ], [ 145.487170000000106, -18.07431, 0.0 ], [ 145.4853, -18.07633, 0.0 ], [ 145.48435, -18.0747, 0.0 ], [ 145.47931, -18.07527, 0.0 ], [ 145.47928, -18.07242, 0.0 ], [ 145.47571, -18.0737, 0.0 ], [ 145.47234, -18.0713, 0.0 ], [ 145.475910000000113, -18.06813, 0.0 ], [ 145.47647, -18.06329, 0.0 ], [ 145.47878, -18.06574, 0.0 ], [ 145.48093, -18.0632, 0.0 ], [ 145.48407, -18.06372, 0.0 ], [ 145.48269, -18.06215, 0.0 ], [ 145.48581, -18.0585, 0.0 ], [ 145.48584, -18.05475, 0.0 ], [ 145.48083, -18.05904, 0.0 ], [ 145.47763, -18.05938, 0.0 ], [ 145.4766, -18.054, 0.0 ], [ 145.4813, -18.04731, 0.0 ], [ 145.48203, -18.03801, 0.0 ], [ 145.47728, -18.0372, 0.0 ], [ 145.4752, -18.03387, 0.0 ], [ 145.48339, -18.03193, 0.0 ], [ 145.484420000000114, -18.03, 0.0 ], [ 145.47828, -18.0292, 0.0 ], [ 145.47633, -18.02531, 0.0 ], [ 145.483790000000113, -18.02425, 0.0 ], [ 145.48455, -18.01939, 0.0 ], [ 145.48727, -18.01647, 0.0 ], [ 145.48511, -18.01498, 0.0 ], [ 145.48633, -18.01309, 0.0 ], [ 145.48453, -18.01225, 0.0 ], [ 145.47723, -18.01603, 0.0 ], [ 145.474920000000111, -18.01967, 0.0 ], [ 145.46442, -18.01984, 0.0 ], [ 145.461770000000115, -18.02229, 0.0 ], [ 145.45965, -18.02141, 0.0 ], [ 145.45548, -18.01566, 0.0 ], [ 145.45276, -18.0077, 0.0 ], [ 145.45813, -18.0058, 0.0 ], [ 145.4562, -18.00425, 0.0 ], [ 145.46081, -18.00052, 0.0 ], [ 145.45996, -17.99805, 0.0 ], [ 145.461410000000114, -17.99476, 0.0 ], [ 145.46016, -17.99506, 0.0 ], [ 145.460330000000113, -17.99235, 0.0 ], [ 145.45606, -17.98865, 0.0 ], [ 145.45595, -17.98572, 0.0 ], [ 145.45779, -17.98461, 0.0 ], [ 145.46025, -17.98639, 0.0 ], [ 145.46251, -17.98506, 0.0 ], [ 145.46273, -17.98324, 0.0 ], [ 145.45901, -17.9823, 0.0 ], [ 145.46072, -17.97856, 0.0 ], [ 145.46292, -17.97858, 0.0 ], [ 145.46409, -17.97437, 0.0 ], [ 145.46708, -17.97648, 0.0 ], [ 145.46478, -17.98108, 0.0 ], [ 145.46855, -17.97654, 0.0 ], [ 145.46968, -17.97818, 0.0 ], [ 145.46805, -17.98034, 0.0 ], [ 145.46903, -17.98356, 0.0 ], [ 145.473840000000109, -17.98298, 0.0 ], [ 145.47445, -17.98012, 0.0 ], [ 145.470910000000117, -17.97968, 0.0 ], [ 145.47284, -17.97713, 0.0 ], [ 145.47068, -17.97595, 0.0 ], [ 145.47544, -17.97491, 0.0 ], [ 145.475370000000112, -17.9731, 0.0 ], [ 145.47196, -17.97238, 0.0 ], [ 145.47246, -17.97085, 0.0 ], [ 145.470370000000116, -17.96894, 0.0 ], [ 145.47433, -17.96659, 0.0 ], [ 145.476590000000101, -17.96837, 0.0 ], [ 145.47639, -17.97099, 0.0 ], [ 145.4811, -17.97131, 0.0 ], [ 145.48227, -17.96978, 0.0 ], [ 145.484150000000113, -17.97212, 0.0 ], [ 145.4879, -17.97244, 0.0 ], [ 145.49165, -17.97691, 0.0 ], [ 145.4917200000001, -17.97339, 0.0 ], [ 145.494550000000118, -17.9758, 0.0 ], [ 145.4995100000001, -17.97258, 0.0 ], [ 145.50301, -17.97375, 0.0 ], [ 145.50622, -17.97136, 0.0 ], [ 145.50395, -17.96929, 0.0 ], [ 145.50542, -17.96755, 0.0 ], [ 145.50685, -17.96803, 0.0 ], [ 145.50786, -17.96475, 0.0 ], [ 145.5099, -17.96347, 0.0 ], [ 145.510630000000106, -17.9667, 0.0 ], [ 145.512070000000108, -17.96511, 0.0 ], [ 145.51025, -17.96291, 0.0 ], [ 145.51134, -17.95673, 0.0 ], [ 145.50692, -17.95002, 0.0 ], [ 145.50206, -17.94906, 0.0 ], [ 145.49968, -17.94562, 0.0 ], [ 145.49061, -17.94694, 0.0 ], [ 145.48763, -17.94489, 0.0 ], [ 145.48639, -17.94044, 0.0 ], [ 145.48431, -17.93915, 0.0 ], [ 145.48444, -17.9282, 0.0 ], [ 145.48572, -17.92754, 0.0 ], [ 145.48837, -17.9323, 0.0 ], [ 145.48715, -17.92267, 0.0 ], [ 145.49213, -17.91707, 0.0 ], [ 145.494600000000105, -17.91909, 0.0 ], [ 145.49512, -17.92181, 0.0 ], [ 145.49628, -17.92113, 0.0 ], [ 145.497030000000109, -17.91777, 0.0 ], [ 145.49524, -17.91415, 0.0 ], [ 145.49699, -17.91155, 0.0 ], [ 145.49507, -17.91214, 0.0 ], [ 145.49528, -17.91032, 0.0 ], [ 145.49274, -17.91042, 0.0 ], [ 145.48477, -17.90177, 0.0 ], [ 145.482440000000111, -17.90174, 0.0 ], [ 145.48191, -17.90339, 0.0 ], [ 145.479650000000106, -17.90212, 0.0 ], [ 145.47698, -17.90338, 0.0 ], [ 145.47329, -17.90621, 0.0 ], [ 145.47131, -17.91017, 0.0 ], [ 145.47016, -17.90843, 0.0 ], [ 145.4721, -17.90778, 0.0 ], [ 145.47146, -17.90357, 0.0 ], [ 145.47418, -17.90279, 0.0 ], [ 145.47455, -17.90035, 0.0 ], [ 145.47268, -17.90095, 0.0 ], [ 145.47268, -17.8983, 0.0 ], [ 145.470190000000116, -17.8985, 0.0 ], [ 145.46809, -17.89436, 0.0 ], [ 145.46868, -17.89124, 0.0 ], [ 145.47095, -17.89092, 0.0 ], [ 145.469790000000103, -17.88731, 0.0 ], [ 145.47243, -17.88369, 0.0 ], [ 145.47157, -17.88169, 0.0 ], [ 145.46786, -17.88128, 0.0 ], [ 145.46197, -17.8857, 0.0 ], [ 145.46172, -17.88757, 0.0 ], [ 145.45998, -17.88559, 0.0 ], [ 145.45374, -17.88631, 0.0 ], [ 145.454, -17.89057, 0.0 ], [ 145.45165, -17.89122, 0.0 ], [ 145.44338, -17.87647, 0.0 ], [ 145.43652, -17.86781, 0.0 ], [ 145.43771, -17.86352, 0.0 ], [ 145.43454, -17.85422, 0.0 ], [ 145.43724, -17.85371, 0.0 ], [ 145.43961, -17.8566, 0.0 ], [ 145.441420000000107, -17.85508, 0.0 ], [ 145.443850000000111, -17.85702, 0.0 ], [ 145.44541, -17.85569, 0.0 ], [ 145.44815, -17.85672, 0.0 ], [ 145.447810000000118, -17.85537, 0.0 ], [ 145.45044, -17.85423, 0.0 ], [ 145.44737, -17.8494, 0.0 ], [ 145.44437, -17.84897, 0.0 ], [ 145.4417, -17.84336, 0.0 ], [ 145.44629, -17.84485, 0.0 ], [ 145.44935, -17.84307, 0.0 ], [ 145.45083000000011, -17.84446, 0.0 ], [ 145.45221, -17.84012, 0.0 ], [ 145.45084, -17.83765, 0.0 ], [ 145.45567, -17.83574, 0.0 ], [ 145.45053, -17.83626, 0.0 ], [ 145.4492, -17.83507, 0.0 ], [ 145.450240000000122, -17.83308, 0.0 ], [ 145.44686, -17.83423, 0.0 ], [ 145.44494, -17.83289, 0.0 ], [ 145.44422, -17.82935, 0.0 ], [ 145.44139, -17.82891, 0.0 ], [ 145.43901, -17.82613, 0.0 ], [ 145.445560000000114, -17.82321, 0.0 ], [ 145.43902, -17.82367, 0.0 ], [ 145.43567, -17.81878, 0.0 ], [ 145.43685, -17.81531, 0.0 ], [ 145.44179, -17.81235, 0.0 ], [ 145.44878, -17.82006, 0.0 ], [ 145.44602, -17.8142, 0.0 ], [ 145.45205, -17.81589, 0.0 ], [ 145.453080000000114, -17.81436, 0.0 ], [ 145.44433, -17.81224, 0.0 ], [ 145.44332, -17.80824, 0.0 ], [ 145.44446, -17.80643, 0.0 ], [ 145.447050000000104, -17.80656, 0.0 ], [ 145.44861, -17.80378, 0.0 ], [ 145.45288, -17.804, 0.0 ], [ 145.453760000000102, -17.80273, 0.0 ], [ 145.445650000000114, -17.80125, 0.0 ], [ 145.441330000000107, -17.80395, 0.0 ], [ 145.44015, -17.79777, 0.0 ], [ 145.43514, -17.79673, 0.0 ], [ 145.43794, -17.79479, 0.0 ], [ 145.44123, -17.79683, 0.0 ], [ 145.445430000000101, -17.79666, 0.0 ], [ 145.4419, -17.79354, 0.0 ], [ 145.44184, -17.79174, 0.0 ], [ 145.44757, -17.7904, 0.0 ], [ 145.44791, -17.78852, 0.0 ], [ 145.44647, -17.78615, 0.0 ], [ 145.44503, -17.78868, 0.0 ], [ 145.44301, -17.78685, 0.0 ], [ 145.442410000000109, -17.78935, 0.0 ], [ 145.438180000000102, -17.78864, 0.0 ], [ 145.44408, -17.78591, 0.0 ], [ 145.44451, -17.78251, 0.0 ], [ 145.44055, -17.78248, 0.0 ], [ 145.439260000000104, -17.77978, 0.0 ], [ 145.43992, -17.77644, 0.0 ], [ 145.43589, -17.77671, 0.0 ], [ 145.43752, -17.77444, 0.0 ], [ 145.4345, -17.77238, 0.0 ], [ 145.43673, -17.77055, 0.0 ], [ 145.43541, -17.7699, 0.0 ], [ 145.43757, -17.76955, 0.0 ], [ 145.43478, -17.76866, 0.0 ], [ 145.43612, -17.76697, 0.0 ], [ 145.43437, -17.7655, 0.0 ], [ 145.437050000000113, -17.76316, 0.0 ], [ 145.43874, -17.76435, 0.0 ], [ 145.441060000000107, -17.76304, 0.0 ], [ 145.439980000000105, -17.76, 0.0 ], [ 145.43691, -17.75887, 0.0 ], [ 145.43794, -17.75669, 0.0 ], [ 145.43636, -17.75593, 0.0 ], [ 145.434710000000109, -17.75775, 0.0 ], [ 145.43433, -17.75583, 0.0 ], [ 145.43639, -17.75422, 0.0 ], [ 145.43342, -17.75545, 0.0 ], [ 145.428090000000111, -17.75422, 0.0 ], [ 145.4258, -17.75112, 0.0 ], [ 145.42729, -17.74874, 0.0 ], [ 145.42541, -17.74878, 0.0 ], [ 145.4234, -17.75148, 0.0 ], [ 145.423860000000104, -17.75501, 0.0 ], [ 145.4211, -17.75668, 0.0 ], [ 145.41825, -17.74932, 0.0 ], [ 145.41142, -17.74721, 0.0 ], [ 145.40398, -17.74073, 0.0 ], [ 145.40476, -17.73985, 0.0 ], [ 145.41514, -17.74483, 0.0 ], [ 145.41738, -17.74246, 0.0 ], [ 145.41773000000012, -17.7342, 0.0 ], [ 145.41599, -17.73275, 0.0 ], [ 145.418720000000121, -17.72955, 0.0 ], [ 145.415260000000103, -17.72348, 0.0 ], [ 145.415440000000103, -17.72114, 0.0 ], [ 145.41183, -17.72032, 0.0 ], [ 145.410840000000121, -17.71847, 0.0 ], [ 145.4119, -17.7168, 0.0 ], [ 145.41015, -17.71449, 0.0 ], [ 145.41637, -17.70858, 0.0 ], [ 145.4139, -17.70563, 0.0 ], [ 145.41709, -17.7053, 0.0 ], [ 145.41474, -17.7028, 0.0 ], [ 145.41664, -17.69968, 0.0 ], [ 145.41547, -17.69676, 0.0 ], [ 145.41648, -17.69368, 0.0 ], [ 145.41554, -17.69224, 0.0 ], [ 145.41177, -17.69339, 0.0 ], [ 145.413910000000101, -17.69041, 0.0 ], [ 145.41203, -17.68711, 0.0 ], [ 145.41468, -17.68397, 0.0 ], [ 145.41963, -17.68426, 0.0 ], [ 145.42117, -17.68109, 0.0 ], [ 145.420750000000112, -17.67936, 0.0 ], [ 145.41712, -17.67836, 0.0 ], [ 145.415120000000115, -17.67369, 0.0 ], [ 145.41169, -17.67253, 0.0 ], [ 145.40977, -17.67685, 0.0 ], [ 145.40761, -17.67536, 0.0 ], [ 145.408590000000117, -17.67047, 0.0 ], [ 145.40521, -17.66264, 0.0 ], [ 145.40208, -17.65977, 0.0 ], [ 145.41086, -17.65733, 0.0 ], [ 145.41772, -17.65943, 0.0 ], [ 145.4205, -17.66263, 0.0 ], [ 145.42724, -17.6589, 0.0 ], [ 145.42775, -17.65705, 0.0 ], [ 145.42576, -17.65378, 0.0 ], [ 145.43004, -17.6482, 0.0 ], [ 145.43319, -17.64828, 0.0 ], [ 145.43163, -17.64434, 0.0 ], [ 145.43317, -17.63887, 0.0 ], [ 145.438850000000116, -17.63541, 0.0 ], [ 145.44073, -17.63228, 0.0 ], [ 145.445650000000114, -17.63655, 0.0 ], [ 145.45014, -17.63398, 0.0 ], [ 145.45003, -17.63191, 0.0 ], [ 145.4533, -17.62745, 0.0 ], [ 145.45095, -17.62364, 0.0 ], [ 145.45157, -17.62099, 0.0 ], [ 145.45019, -17.62085, 0.0 ], [ 145.4527700000001, -17.61942, 0.0 ], [ 145.445520000000101, -17.61677, 0.0 ], [ 145.443490000000111, -17.61284, 0.0 ], [ 145.44119000000012, -17.61363, 0.0 ], [ 145.43762, -17.611, 0.0 ], [ 145.434890000000109, -17.60672, 0.0 ], [ 145.43748, -17.60368, 0.0 ], [ 145.43776, -17.59774, 0.0 ], [ 145.43451, -17.59646, 0.0 ], [ 145.43348, -17.59382, 0.0 ], [ 145.4241, -17.58993, 0.0 ], [ 145.42344, -17.58736, 0.0 ], [ 145.422330000000102, -17.58801, 0.0 ], [ 145.41798, -17.58429, 0.0 ], [ 145.41983, -17.58358, 0.0 ], [ 145.42337, -17.58569, 0.0 ], [ 145.424220000000105, -17.58457, 0.0 ], [ 145.422550000000115, -17.58265, 0.0 ], [ 145.41927, -17.583, 0.0 ], [ 145.418810000000121, -17.58061, 0.0 ], [ 145.4132800000001, -17.58188, 0.0 ], [ 145.41393, -17.58072, 0.0 ], [ 145.41147, -17.57964, 0.0 ], [ 145.410980000000109, -17.58175, 0.0 ], [ 145.41283, -17.58311, 0.0 ], [ 145.40681, -17.58133, 0.0 ], [ 145.40602, -17.57502, 0.0 ], [ 145.400760000000105, -17.56531, 0.0 ], [ 145.40386, -17.56171, 0.0 ], [ 145.40177, -17.55799, 0.0 ], [ 145.39921, -17.55877, 0.0 ], [ 145.39904, -17.55646, 0.0 ], [ 145.39736, -17.55618, 0.0 ], [ 145.398100000000113, -17.55978, 0.0 ], [ 145.392790000000105, -17.56045, 0.0 ], [ 145.39057, -17.56297, 0.0 ], [ 145.38277, -17.55643, 0.0 ], [ 145.37884, -17.55575, 0.0 ], [ 145.38147, -17.55092, 0.0 ], [ 145.3821200000001, -17.55219, 0.0 ], [ 145.3842, -17.55175, 0.0 ], [ 145.38375, -17.55438, 0.0 ], [ 145.38864, -17.55149, 0.0 ], [ 145.38777, -17.54905, 0.0 ], [ 145.38379, -17.54708, 0.0 ], [ 145.381350000000111, -17.54352, 0.0 ], [ 145.38104, -17.53796, 0.0 ], [ 145.378830000000107, -17.537, 0.0 ], [ 145.37587, -17.54011, 0.0 ], [ 145.374690000000101, -17.53871, 0.0 ], [ 145.36909, -17.5397, 0.0 ], [ 145.36377, -17.53796, 0.0 ], [ 145.36448, -17.5339, 0.0 ], [ 145.36287, -17.53032, 0.0 ], [ 145.36485, -17.52797, 0.0 ], [ 145.36689, -17.52901, 0.0 ], [ 145.36935, -17.52734, 0.0 ], [ 145.365230000000111, -17.52522, 0.0 ], [ 145.36722, -17.52393, 0.0 ], [ 145.36395, -17.52226, 0.0 ], [ 145.36584, -17.51855, 0.0 ], [ 145.36211, -17.52068, 0.0 ], [ 145.360460000000103, -17.51876, 0.0 ], [ 145.36101, -17.51271, 0.0 ], [ 145.36585, -17.50999, 0.0 ], [ 145.36386, -17.50935, 0.0 ], [ 145.36357, -17.50568, 0.0 ], [ 145.36112, -17.50359, 0.0 ], [ 145.361450000000104, -17.49863, 0.0 ], [ 145.36886, -17.49835, 0.0 ], [ 145.367440000000101, -17.49509, 0.0 ], [ 145.3728, -17.48912, 0.0 ], [ 145.37147, -17.48794, 0.0 ], [ 145.368740000000116, -17.48949, 0.0 ], [ 145.3666, -17.48596, 0.0 ], [ 145.368, -17.48335, 0.0 ], [ 145.35975, -17.48125, 0.0 ], [ 145.35886, -17.47688, 0.0 ], [ 145.36594, -17.47421, 0.0 ], [ 145.36531, -17.46511, 0.0 ], [ 145.36926, -17.46375, 0.0 ], [ 145.37724, -17.46512, 0.0 ], [ 145.38084, -17.46217, 0.0 ], [ 145.37317, -17.45086, 0.0 ], [ 145.376, -17.4503, 0.0 ], [ 145.37597, -17.44277, 0.0 ], [ 145.3775, -17.44084, 0.0 ], [ 145.37546, -17.43815, 0.0 ], [ 145.37103, -17.43645, 0.0 ], [ 145.368610000000103, -17.44007, 0.0 ], [ 145.36403, -17.43783, 0.0 ], [ 145.362890000000107, -17.43994, 0.0 ], [ 145.360410000000115, -17.43947, 0.0 ], [ 145.355370000000107, -17.43609, 0.0 ], [ 145.35608, -17.4307, 0.0 ], [ 145.35152, -17.43138, 0.0 ], [ 145.34922, -17.4289, 0.0 ], [ 145.34228, -17.43025, 0.0 ], [ 145.33631, -17.42763, 0.0 ], [ 145.334790000000112, -17.42209, 0.0 ], [ 145.33644, -17.4195, 0.0 ], [ 145.34177000000011, -17.41739, 0.0 ], [ 145.342130000000111, -17.41411, 0.0 ], [ 145.33958, -17.41385, 0.0 ], [ 145.34095, -17.416, 0.0 ], [ 145.33845, -17.41803, 0.0 ], [ 145.33738, -17.41491, 0.0 ], [ 145.33314, -17.416, 0.0 ], [ 145.32606, -17.41353, 0.0 ], [ 145.32416000000012, -17.40956, 0.0 ], [ 145.32705, -17.40782, 0.0 ], [ 145.328850000000102, -17.40886, 0.0 ], [ 145.32998, -17.40662, 0.0 ], [ 145.33411, -17.40454, 0.0 ], [ 145.33286, -17.40205, 0.0 ], [ 145.339070000000106, -17.3893, 0.0 ], [ 145.3233, -17.38856, 0.0 ], [ 145.32348, -17.38348, 0.0 ], [ 145.32607, -17.3818, 0.0 ], [ 145.32238, -17.37897, 0.0 ], [ 145.3196200000001, -17.37274, 0.0 ], [ 145.32379, -17.37126, 0.0 ], [ 145.32913, -17.37314, 0.0 ], [ 145.33225, -17.37693, 0.0 ], [ 145.33441, -17.3714, 0.0 ], [ 145.33877, -17.37114, 0.0 ], [ 145.34234, -17.3732, 0.0 ], [ 145.34446, -17.36872, 0.0 ], [ 145.34098, -17.36538, 0.0 ], [ 145.3419, -17.36381, 0.0 ], [ 145.34649, -17.3649, 0.0 ], [ 145.34859, -17.36273, 0.0 ], [ 145.35592, -17.36074, 0.0 ], [ 145.35998, -17.36173, 0.0 ], [ 145.372300000000109, -17.35557, 0.0 ], [ 145.376710000000116, -17.35253, 0.0 ], [ 145.3746000000001, -17.34962, 0.0 ], [ 145.37434, -17.34775, 0.0 ], [ 145.37623, -17.34618, 0.0 ], [ 145.374820000000113, -17.34053, 0.0 ], [ 145.3807, -17.3396, 0.0 ], [ 145.37925, -17.33583, 0.0 ], [ 145.37705, -17.33582, 0.0 ], [ 145.376040000000103, -17.33331, 0.0 ], [ 145.379590000000121, -17.33195, 0.0 ], [ 145.38359, -17.33338, 0.0 ], [ 145.38062, -17.32499, 0.0 ], [ 145.382250000000113, -17.32474, 0.0 ], [ 145.38885, -17.33007, 0.0 ], [ 145.39016, -17.32862, 0.0 ], [ 145.384680000000117, -17.32092, 0.0 ], [ 145.38073, -17.32118, 0.0 ], [ 145.37947, -17.32414, 0.0 ], [ 145.37528, -17.32513, 0.0 ], [ 145.37461, -17.32233, 0.0 ], [ 145.376890000000117, -17.32136, 0.0 ], [ 145.373470000000111, -17.31833, 0.0 ], [ 145.37369, -17.31309, 0.0 ], [ 145.37038, -17.31167, 0.0 ], [ 145.36849, -17.3123, 0.0 ], [ 145.36758, -17.31576, 0.0 ], [ 145.363880000000108, -17.31516, 0.0 ], [ 145.362120000000118, -17.31184, 0.0 ], [ 145.36502, -17.3108, 0.0 ], [ 145.36547, -17.30646, 0.0 ], [ 145.367440000000101, -17.30538, 0.0 ], [ 145.36655, -17.30235, 0.0 ], [ 145.36416, -17.30506, 0.0 ], [ 145.36038, -17.30137, 0.0 ], [ 145.35815, -17.30187, 0.0 ], [ 145.35578, -17.29669, 0.0 ], [ 145.34579, -17.28855, 0.0 ], [ 145.34336, -17.28978, 0.0 ], [ 145.34386, -17.29458, 0.0 ], [ 145.34041, -17.29357, 0.0 ], [ 145.340150000000108, -17.29093, 0.0 ], [ 145.33639, -17.28722, 0.0 ], [ 145.337450000000104, -17.28431, 0.0 ], [ 145.33973, -17.28604, 0.0 ], [ 145.34223, -17.28547, 0.0 ], [ 145.337220000000116, -17.27885, 0.0 ], [ 145.3373, -17.27679, 0.0 ], [ 145.34173, -17.27939, 0.0 ], [ 145.35015, -17.27828, 0.0 ], [ 145.34895, -17.27485, 0.0 ], [ 145.34631, -17.27298, 0.0 ], [ 145.34874, -17.27097, 0.0 ], [ 145.34251, -17.2693, 0.0 ], [ 145.33755, -17.26471, 0.0 ], [ 145.34117, -17.26086, 0.0 ], [ 145.34611, -17.25947, 0.0 ], [ 145.34855, -17.25307, 0.0 ], [ 145.35436, -17.2537, 0.0 ], [ 145.35182, -17.25145, 0.0 ], [ 145.35671, -17.24734, 0.0 ], [ 145.36092, -17.24836, 0.0 ], [ 145.36938, -17.25668, 0.0 ], [ 145.37432, -17.25785, 0.0 ], [ 145.374010000000112, -17.25928, 0.0 ], [ 145.38163, -17.25623, 0.0 ], [ 145.38412, -17.25177, 0.0 ], [ 145.3848, -17.25628, 0.0 ], [ 145.38726, -17.25671, 0.0 ], [ 145.38746, -17.25473, 0.0 ], [ 145.38872, -17.25555, 0.0 ], [ 145.38715, -17.25785, 0.0 ], [ 145.38855, -17.25882, 0.0 ], [ 145.3898, -17.25825, 0.0 ], [ 145.38939, -17.25261, 0.0 ], [ 145.39077, -17.25313, 0.0 ], [ 145.39044, -17.25475, 0.0 ], [ 145.395080000000121, -17.25544, 0.0 ], [ 145.39822, -17.25983, 0.0 ], [ 145.401070000000118, -17.2573, 0.0 ], [ 145.40041, -17.25638, 0.0 ], [ 145.40187, -17.25737, 0.0 ], [ 145.40119, -17.25929, 0.0 ], [ 145.40624, -17.25623, 0.0 ], [ 145.40672, -17.25405, 0.0 ], [ 145.40482, -17.25119, 0.0 ], [ 145.4097, -17.25708, 0.0 ], [ 145.410890000000109, -17.25666, 0.0 ], [ 145.41204, -17.24965, 0.0 ], [ 145.4102, -17.24727, 0.0 ], [ 145.40261, -17.2443, 0.0 ], [ 145.39748, -17.24461, 0.0 ], [ 145.3897, -17.23552, 0.0 ], [ 145.38377, -17.23494, 0.0 ], [ 145.38403, -17.23327, 0.0 ], [ 145.38206, -17.23252, 0.0 ], [ 145.38304, -17.23152, 0.0 ], [ 145.37803, -17.22856, 0.0 ], [ 145.37884, -17.22489, 0.0 ], [ 145.37754, -17.22286, 0.0 ], [ 145.379, -17.22142, 0.0 ], [ 145.37773, -17.21993, 0.0 ], [ 145.38086, -17.21923, 0.0 ], [ 145.38186, -17.21634, 0.0 ], [ 145.379590000000121, -17.21478, 0.0 ], [ 145.37929, -17.20727, 0.0 ], [ 145.38059, -17.20591, 0.0 ], [ 145.379640000000109, -17.20476, 0.0 ], [ 145.37771, -17.20551, 0.0 ], [ 145.37598, -17.20032, 0.0 ], [ 145.377700000000118, -17.1946, 0.0 ], [ 145.37537, -17.19311, 0.0 ], [ 145.37911, -17.19087, 0.0 ], [ 145.37513, -17.19029, 0.0 ], [ 145.37486, -17.18753, 0.0 ], [ 145.37741, -17.18703, 0.0 ], [ 145.38222, -17.18949, 0.0 ], [ 145.37989, -17.18424, 0.0 ], [ 145.38309, -17.18324, 0.0 ], [ 145.379950000000122, -17.18184, 0.0 ], [ 145.382840000000101, -17.18093, 0.0 ], [ 145.3831, -17.17831, 0.0 ], [ 145.38678, -17.18, 0.0 ], [ 145.3861, -17.17778, 0.0 ], [ 145.38768, -17.17831, 0.0 ], [ 145.38335, -17.1724, 0.0 ], [ 145.382970000000114, -17.16829, 0.0 ], [ 145.38719, -17.16593, 0.0 ], [ 145.38909, -17.16725, 0.0 ], [ 145.393600000000106, -17.16516, 0.0 ], [ 145.39647, -17.16971, 0.0 ], [ 145.39594000000011, -17.16602, 0.0 ], [ 145.39848, -17.16449, 0.0 ], [ 145.39921, -17.16807, 0.0 ], [ 145.40425, -17.17391, 0.0 ], [ 145.408460000000105, -17.17324, 0.0 ], [ 145.4071, -17.17112, 0.0 ], [ 145.4086, -17.16839, 0.0 ], [ 145.4119, -17.17052, 0.0 ], [ 145.41502, -17.17029, 0.0 ], [ 145.416830000000118, -17.17426, 0.0 ], [ 145.41833, -17.17364, 0.0 ], [ 145.42086, -17.17631, 0.0 ], [ 145.42095, -17.18179, 0.0 ], [ 145.42317, -17.17972, 0.0 ], [ 145.42454, -17.18053, 0.0 ], [ 145.42564, -17.17794, 0.0 ], [ 145.42414, -17.17259, 0.0 ], [ 145.42457, -17.16563, 0.0 ], [ 145.42618, -17.16656, 0.0 ], [ 145.42905, -17.16259, 0.0 ], [ 145.42805, -17.158, 0.0 ], [ 145.4297, -17.15556, 0.0 ], [ 145.4281, -17.14945, 0.0 ], [ 145.431690000000117, -17.14754, 0.0 ], [ 145.4338, -17.14985, 0.0 ], [ 145.43463, -17.15446, 0.0 ], [ 145.43684, -17.15235, 0.0 ], [ 145.437910000000102, -17.15612, 0.0 ], [ 145.43972, -17.1558, 0.0 ], [ 145.44138, -17.15855, 0.0 ], [ 145.44273, -17.15896, 0.0 ], [ 145.44548, -17.15488, 0.0 ], [ 145.44622, -17.15741, 0.0 ], [ 145.44423, -17.16224, 0.0 ], [ 145.44977, -17.16488, 0.0 ], [ 145.44983, -17.16611, 0.0 ], [ 145.44837, -17.16588, 0.0 ], [ 145.44945, -17.16632, 0.0 ], [ 145.44899, -17.17091, 0.0 ], [ 145.45473, -17.17498, 0.0 ], [ 145.45297, -17.17713, 0.0 ], [ 145.44891, -17.17818, 0.0 ], [ 145.44837, -17.18027, 0.0 ], [ 145.45351, -17.18398, 0.0 ], [ 145.45921, -17.18063, 0.0 ], [ 145.45814, -17.17653, 0.0 ], [ 145.4608, -17.17499, 0.0 ], [ 145.45579, -17.16852, 0.0 ], [ 145.45626, -17.1658, 0.0 ], [ 145.45786, -17.16608, 0.0 ], [ 145.45702, -17.16345, 0.0 ], [ 145.45449, -17.16345, 0.0 ], [ 145.45672, -17.16316, 0.0 ], [ 145.454790000000116, -17.1556, 0.0 ], [ 145.45895, -17.16039, 0.0 ], [ 145.46053, -17.15738, 0.0 ], [ 145.4628, -17.15799, 0.0 ], [ 145.4659, -17.16228, 0.0 ], [ 145.465280000000121, -17.1685, 0.0 ], [ 145.47005, -17.1699, 0.0 ], [ 145.46887, -17.16159, 0.0 ], [ 145.46431, -17.15546, 0.0 ], [ 145.46063, -17.15394, 0.0 ], [ 145.4576, -17.14567, 0.0 ], [ 145.46045, -17.14465, 0.0 ], [ 145.46483000000012, -17.15015, 0.0 ], [ 145.46795, -17.14874, 0.0 ], [ 145.46903, -17.15349, 0.0 ], [ 145.47155, -17.15203, 0.0 ], [ 145.47254, -17.14739, 0.0 ], [ 145.47526, -17.1454, 0.0 ], [ 145.47727, -17.1465, 0.0 ], [ 145.47927, -17.15115, 0.0 ], [ 145.48183, -17.14842, 0.0 ], [ 145.48576, -17.14873, 0.0 ], [ 145.48446, -17.15297, 0.0 ], [ 145.48819, -17.16015, 0.0 ], [ 145.4871, -17.16392, 0.0 ], [ 145.4927, -17.16708, 0.0 ], [ 145.493340000000103, -17.16502, 0.0 ], [ 145.49004, -17.16188, 0.0 ], [ 145.48968, -17.15783, 0.0 ], [ 145.49177, -17.15699, 0.0 ], [ 145.4947, -17.15888, 0.0 ], [ 145.492620000000102, -17.15276, 0.0 ], [ 145.495540000000119, -17.1505, 0.0 ], [ 145.49684, -17.15311, 0.0 ], [ 145.498650000000112, -17.15174, 0.0 ], [ 145.49897, -17.15678, 0.0 ], [ 145.502070000000117, -17.15647, 0.0 ], [ 145.509230000000116, -17.15038, 0.0 ], [ 145.50879, -17.14155, 0.0 ], [ 145.51115, -17.14347, 0.0 ], [ 145.51332, -17.1428, 0.0 ], [ 145.51305, -17.14469, 0.0 ], [ 145.51507, -17.14426, 0.0 ], [ 145.51313, -17.1386, 0.0 ], [ 145.5141, -17.13928, 0.0 ], [ 145.516260000000102, -17.13727, 0.0 ], [ 145.51529, -17.13965, 0.0 ], [ 145.517070000000103, -17.13831, 0.0 ], [ 145.51773, -17.14067, 0.0 ], [ 145.518370000000118, -17.13741, 0.0 ], [ 145.52042, -17.13738, 0.0 ], [ 145.51897, -17.13386, 0.0 ], [ 145.51903, -17.12951, 0.0 ], [ 145.52111, -17.12831, 0.0 ], [ 145.519860000000108, -17.12692, 0.0 ], [ 145.51994, -17.11945, 0.0 ], [ 145.52439, -17.1134, 0.0 ], [ 145.52075, -17.11029, 0.0 ], [ 145.52762, -17.10524, 0.0 ], [ 145.5262, -17.10152, 0.0 ], [ 145.52485, -17.10108, 0.0 ], [ 145.52302, -17.10475, 0.0 ], [ 145.52168, -17.10307, 0.0 ], [ 145.52130000000011, -17.1007, 0.0 ], [ 145.52317, -17.09909, 0.0 ], [ 145.52169, -17.09637, 0.0 ], [ 145.52565, -17.09501, 0.0 ], [ 145.52557, -17.08827, 0.0 ], [ 145.52422, -17.08627, 0.0 ], [ 145.520440000000121, -17.08588, 0.0 ], [ 145.51821, -17.08216, 0.0 ], [ 145.52654, -17.08374, 0.0 ], [ 145.52978, -17.07375, 0.0 ], [ 145.535800000000108, -17.06607, 0.0 ], [ 145.53708, -17.06141, 0.0 ], [ 145.54085, -17.058, 0.0 ], [ 145.54078, -17.05585, 0.0 ], [ 145.543050000000108, -17.05518, 0.0 ], [ 145.54472, -17.05548, 0.0 ], [ 145.54481, -17.05654, 0.0 ], [ 145.545570000000112, -17.05684, 0.0 ], [ 145.54583, -17.05665, 0.0 ], [ 145.54501, -17.05497, 0.0 ], [ 145.54322, -17.05414, 0.0 ], [ 145.54526, -17.04841, 0.0 ], [ 145.55232, -17.04405, 0.0 ], [ 145.54984, -17.04, 0.0 ], [ 145.55319, -17.0384, 0.0 ], [ 145.55301, -17.03585, 0.0 ], [ 145.5622, -17.02577, 0.0 ], [ 145.56315, -17.02268, 0.0 ], [ 145.56161, -17.02147, 0.0 ], [ 145.56278, -17.01625, 0.0 ], [ 145.55658, -17.012, 0.0 ], [ 145.55833, -17.01124, 0.0 ], [ 145.55675, -17.00976, 0.0 ], [ 145.56031, -17.01103, 0.0 ], [ 145.56024, -17.00968, 0.0 ], [ 145.56357, -17.00976, 0.0 ], [ 145.56523, -17.01122, 0.0 ], [ 145.56539, -17.00446, 0.0 ], [ 145.57086, -16.99367, 0.0 ], [ 145.567410000000109, -16.98817, 0.0 ], [ 145.55698, -16.98419, 0.0 ], [ 145.54963, -16.97524, 0.0 ], [ 145.54486, -16.97352, 0.0 ], [ 145.53926, -16.97387, 0.0 ], [ 145.54016, -16.96948, 0.0 ], [ 145.53652000000011, -16.96759, 0.0 ], [ 145.54036, -16.96178, 0.0 ], [ 145.53916, -16.94651, 0.0 ], [ 145.54086, -16.94403, 0.0 ], [ 145.54086, -16.93592, 0.0 ], [ 145.53853, -16.93226, 0.0 ], [ 145.54358, -16.92815, 0.0 ], [ 145.54276, -16.92659, 0.0 ], [ 145.54424, -16.92588, 0.0 ], [ 145.54527, -16.92813, 0.0 ], [ 145.54757, -16.92771, 0.0 ], [ 145.54897, -16.92445, 0.0 ], [ 145.548720000000117, -16.92104, 0.0 ], [ 145.54738, -16.92176, 0.0 ], [ 145.546470000000113, -16.9188, 0.0 ], [ 145.54473, -16.91927, 0.0 ], [ 145.54739, -16.90995, 0.0 ], [ 145.54822, -16.90908, 0.0 ], [ 145.54893, -16.91044, 0.0 ], [ 145.54954, -16.90094, 0.0 ], [ 145.54707, -16.8995, 0.0 ], [ 145.54458000000011, -16.90459, 0.0 ], [ 145.53948, -16.90611, 0.0 ], [ 145.54108, -16.90382, 0.0 ], [ 145.5364, -16.90478, 0.0 ], [ 145.53943, -16.90289, 0.0 ], [ 145.53605, -16.9003, 0.0 ], [ 145.54094, -16.90261, 0.0 ], [ 145.54267, -16.90087, 0.0 ], [ 145.54473, -16.90192, 0.0 ], [ 145.54606, -16.89832, 0.0 ], [ 145.543990000000122, -16.90032, 0.0 ], [ 145.542100000000119, -16.89627, 0.0 ], [ 145.54022, -16.89742, 0.0 ], [ 145.53857, -16.89591, 0.0 ], [ 145.53522, -16.89677, 0.0 ], [ 145.533770000000118, -16.89463, 0.0 ], [ 145.53402, -16.89276, 0.0 ], [ 145.53596, -16.89227, 0.0 ], [ 145.54006, -16.89455, 0.0 ], [ 145.54196, -16.89398, 0.0 ], [ 145.53978, -16.89329, 0.0 ], [ 145.541160000000104, -16.88978, 0.0 ], [ 145.53914, -16.88875, 0.0 ], [ 145.54300000000012, -16.88581, 0.0 ], [ 145.54194, -16.8828, 0.0 ], [ 145.54038, -16.88311, 0.0 ], [ 145.54023, -16.88019, 0.0 ], [ 145.53842, -16.87999, 0.0 ], [ 145.54121, -16.87867, 0.0 ], [ 145.54293, -16.87489, 0.0 ], [ 145.54001, -16.8716, 0.0 ], [ 145.538050000000112, -16.87275, 0.0 ], [ 145.54024, -16.87063, 0.0 ], [ 145.539580000000115, -16.86872, 0.0 ], [ 145.53493, -16.86701, 0.0 ], [ 145.53259, -16.86335, 0.0 ], [ 145.532110000000102, -16.86577, 0.0 ], [ 145.53133, -16.86427, 0.0 ], [ 145.52998, -16.86506, 0.0 ], [ 145.53047, -16.86237, 0.0 ], [ 145.52624, -16.86258, 0.0 ], [ 145.53092, -16.85581, 0.0 ], [ 145.52967, -16.85475, 0.0 ], [ 145.52654, -16.85661, 0.0 ], [ 145.52691, -16.85536, 0.0 ], [ 145.524540000000115, -16.85527, 0.0 ], [ 145.52461, -16.85286, 0.0 ], [ 145.527780000000121, -16.85321, 0.0 ], [ 145.52772, -16.85158, 0.0 ], [ 145.52343, -16.84832, 0.0 ], [ 145.52453, -16.85028, 0.0 ], [ 145.523100000000113, -16.85114, 0.0 ], [ 145.51444, -16.85187, 0.0 ], [ 145.514050000000111, -16.84311, 0.0 ], [ 145.51124, -16.84584, 0.0 ], [ 145.51029, -16.84216, 0.0 ], [ 145.50575, -16.8398, 0.0 ], [ 145.504100000000108, -16.83402, 0.0 ], [ 145.49792, -16.8312, 0.0 ], [ 145.50211, -16.8232, 0.0 ], [ 145.50825, -16.82286, 0.0 ], [ 145.52007, -16.81825, 0.0 ], [ 145.53051, -16.81755, 0.0 ], [ 145.53006, -16.81295, 0.0 ], [ 145.527780000000121, -16.80935, 0.0 ], [ 145.52891000000011, -16.80862, 0.0 ], [ 145.531120000000101, -16.81028, 0.0 ], [ 145.53182, -16.80869, 0.0 ], [ 145.53511, -16.80856, 0.0 ], [ 145.53479, -16.80463, 0.0 ], [ 145.53011, -16.80169, 0.0 ], [ 145.52596, -16.80485, 0.0 ], [ 145.5252, -16.80318, 0.0 ], [ 145.52721, -16.8027, 0.0 ], [ 145.52618, -16.8004, 0.0 ], [ 145.5196, -16.80712, 0.0 ], [ 145.51993, -16.80858, 0.0 ], [ 145.51733, -16.80914, 0.0 ], [ 145.51713, -16.80757, 0.0 ], [ 145.51469, -16.80686, 0.0 ], [ 145.51402, -16.81118, 0.0 ], [ 145.5108, -16.80899, 0.0 ], [ 145.509, -16.80291, 0.0 ], [ 145.5071, -16.80148, 0.0 ], [ 145.50597, -16.80283, 0.0 ], [ 145.5056, -16.80078, 0.0 ], [ 145.50944, -16.79982, 0.0 ], [ 145.51114, -16.80135, 0.0 ], [ 145.51444, -16.79799, 0.0 ], [ 145.5123, -16.79623, 0.0 ], [ 145.50969, -16.79776, 0.0 ], [ 145.51071, -16.79588, 0.0 ], [ 145.50945, -16.79193, 0.0 ], [ 145.51084, -16.79016, 0.0 ], [ 145.5096, -16.78944, 0.0 ], [ 145.51125, -16.78784, 0.0 ], [ 145.511080000000106, -16.79132, 0.0 ], [ 145.5126, -16.79071, 0.0 ], [ 145.5129, -16.78734, 0.0 ], [ 145.50944, -16.78325, 0.0 ], [ 145.51177, -16.7799, 0.0 ], [ 145.50917, -16.77963, 0.0 ], [ 145.50876, -16.77659, 0.0 ], [ 145.507480000000101, -16.7767, 0.0 ], [ 145.50997, -16.77441, 0.0 ], [ 145.503200000000106, -16.77674, 0.0 ], [ 145.5024, -16.78059, 0.0 ], [ 145.499280000000113, -16.77972, 0.0 ], [ 145.499640000000113, -16.78095, 0.0 ], [ 145.49749, -16.78213, 0.0 ], [ 145.49254, -16.78066, 0.0 ], [ 145.48971, -16.78354, 0.0 ], [ 145.485460000000103, -16.78186, 0.0 ], [ 145.485550000000103, -16.77567, 0.0 ], [ 145.48321, -16.77392, 0.0 ], [ 145.48354, -16.77909, 0.0 ], [ 145.48126, -16.78038, 0.0 ], [ 145.48208000000011, -16.78166, 0.0 ], [ 145.47941, -16.78062, 0.0 ], [ 145.47899, -16.78178, 0.0 ], [ 145.47696, -16.78094, 0.0 ], [ 145.476680000000101, -16.78239, 0.0 ], [ 145.47414, -16.7816, 0.0 ], [ 145.476680000000101, -16.78265, 0.0 ], [ 145.47536, -16.78571, 0.0 ], [ 145.47121, -16.78543, 0.0 ], [ 145.47191, -16.78766, 0.0 ], [ 145.46951, -16.78737, 0.0 ], [ 145.46996, -16.78886, 0.0 ], [ 145.4658, -16.78849, 0.0 ], [ 145.46677000000011, -16.78581, 0.0 ], [ 145.46469, -16.78216, 0.0 ], [ 145.46059, -16.78083, 0.0 ], [ 145.459610000000112, -16.77845, 0.0 ], [ 145.455470000000105, -16.77576, 0.0 ], [ 145.4554, -16.77184, 0.0 ], [ 145.45166, -16.77229, 0.0 ], [ 145.45135, -16.77491, 0.0 ], [ 145.44809, -16.7779, 0.0 ], [ 145.447090000000117, -16.76792, 0.0 ], [ 145.446280000000115, -16.77266, 0.0 ], [ 145.4432, -16.77377, 0.0 ], [ 145.4424, -16.77043, 0.0 ], [ 145.44093, -16.7713, 0.0 ], [ 145.44125, -16.77004, 0.0 ], [ 145.4401, -16.77027, 0.0 ], [ 145.43951, -16.76964, 0.0 ], [ 145.44099, -16.76906, 0.0 ], [ 145.437370000000101, -16.76834, 0.0 ], [ 145.43784, -16.76502, 0.0 ], [ 145.4367400000001, -16.76487, 0.0 ], [ 145.43676, -16.76666, 0.0 ], [ 145.43488, -16.76595, 0.0 ], [ 145.43685, -16.76356, 0.0 ], [ 145.43586, -16.76118, 0.0 ], [ 145.438400000000115, -16.75868, 0.0 ], [ 145.434890000000109, -16.75749, 0.0 ], [ 145.43299, -16.75051, 0.0 ], [ 145.42914, -16.74688, 0.0 ], [ 145.42718, -16.74713, 0.0 ], [ 145.42634, -16.74867, 0.0 ], [ 145.4278, -16.7488, 0.0 ], [ 145.42517, -16.75035, 0.0 ], [ 145.42184, -16.74808, 0.0 ], [ 145.423540000000116, -16.75024, 0.0 ], [ 145.42124, -16.7501, 0.0 ], [ 145.4211, -16.7505, 0.0 ], [ 145.4233, -16.75352, 0.0 ], [ 145.41976000000011, -16.75301, 0.0 ], [ 145.4202, -16.75487, 0.0 ], [ 145.414450000000102, -16.76027, 0.0 ], [ 145.411160000000109, -16.76044, 0.0 ], [ 145.41139, -16.75904, 0.0 ], [ 145.40965, -16.76026, 0.0 ], [ 145.40948, -16.75821, 0.0 ], [ 145.40767, -16.76017, 0.0 ], [ 145.40488, -16.75934, 0.0 ], [ 145.401030000000105, -16.76512, 0.0 ], [ 145.39962, -16.76221, 0.0 ], [ 145.40115, -16.76177, 0.0 ], [ 145.40117, -16.75949, 0.0 ], [ 145.39591, -16.75621, 0.0 ], [ 145.39048, -16.75696, 0.0 ], [ 145.3889, -16.76289, 0.0 ], [ 145.38571, -16.76471, 0.0 ], [ 145.38776, -16.7653, 0.0 ], [ 145.38727, -16.76679, 0.0 ], [ 145.383330000000115, -16.76566, 0.0 ], [ 145.38283, -16.76175, 0.0 ], [ 145.379010000000108, -16.76224, 0.0 ], [ 145.37294, -16.76013, 0.0 ], [ 145.36999, -16.75819, 0.0 ], [ 145.371220000000108, -16.75578, 0.0 ], [ 145.36835, -16.75453, 0.0 ], [ 145.36975, -16.75141, 0.0 ], [ 145.37102, -16.75221, 0.0 ], [ 145.37232, -16.75034, 0.0 ], [ 145.36175, -16.73251, 0.0 ], [ 145.36274, -16.72792, 0.0 ], [ 145.35952, -16.72718, 0.0 ], [ 145.3571, -16.72342, 0.0 ], [ 145.3586, -16.72072, 0.0 ], [ 145.35693, -16.71981, 0.0 ], [ 145.356220000000121, -16.71374, 0.0 ], [ 145.35414, -16.71198, 0.0 ], [ 145.34993, -16.69862, 0.0 ], [ 145.34778, -16.69824, 0.0 ], [ 145.34917, -16.69636, 0.0 ], [ 145.34675, -16.69318, 0.0 ], [ 145.34833, -16.68944, 0.0 ], [ 145.34472, -16.68878, 0.0 ], [ 145.34428, -16.68639, 0.0 ], [ 145.33974000000012, -16.68287, 0.0 ], [ 145.339430000000107, -16.68043, 0.0 ], [ 145.336190000000101, -16.68152, 0.0 ], [ 145.337540000000104, -16.67984, 0.0 ], [ 145.33622, -16.67857, 0.0 ], [ 145.32829, -16.68141, 0.0 ], [ 145.329880000000117, -16.68272, 0.0 ], [ 145.32977, -16.68531, 0.0 ], [ 145.332760000000121, -16.68534, 0.0 ], [ 145.33439, -16.69009, 0.0 ], [ 145.34278, -16.69171, 0.0 ], [ 145.33849, -16.69351, 0.0 ], [ 145.338300000000118, -16.69527, 0.0 ], [ 145.337360000000103, -16.69278, 0.0 ], [ 145.33446, -16.6917, 0.0 ], [ 145.33259, -16.69525, 0.0 ], [ 145.329570000000103, -16.68861, 0.0 ], [ 145.32525, -16.69273, 0.0 ], [ 145.3263, -16.68562, 0.0 ], [ 145.324570000000108, -16.68346, 0.0 ], [ 145.32346, -16.68558, 0.0 ], [ 145.322860000000105, -16.68326, 0.0 ], [ 145.31916, -16.68277, 0.0 ], [ 145.3179, -16.68456, 0.0 ], [ 145.32046, -16.68798, 0.0 ], [ 145.31979, -16.69012, 0.0 ], [ 145.31734, -16.68955, 0.0 ], [ 145.31589, -16.68529, 0.0 ], [ 145.31452, -16.68631, 0.0 ], [ 145.31694, -16.69406, 0.0 ], [ 145.313000000000102, -16.69243, 0.0 ], [ 145.312910000000102, -16.69525, 0.0 ], [ 145.3105, -16.6929, 0.0 ], [ 145.31279, -16.69061, 0.0 ], [ 145.309440000000109, -16.68917, 0.0 ], [ 145.3103, -16.68731, 0.0 ], [ 145.30886, -16.68697, 0.0 ], [ 145.30862, -16.68976, 0.0 ], [ 145.306380000000104, -16.69153, 0.0 ], [ 145.30614, -16.68935, 0.0 ], [ 145.30308, -16.68751, 0.0 ], [ 145.29999, -16.6894, 0.0 ], [ 145.3, -16.69096, 0.0 ], [ 145.294, -16.69203, 0.0 ], [ 145.295030000000111, -16.69466, 0.0 ], [ 145.29313, -16.69364, 0.0 ], [ 145.29004, -16.69527, 0.0 ], [ 145.29037, -16.69176, 0.0 ], [ 145.28515, -16.68658, 0.0 ], [ 145.28618, -16.67631, 0.0 ], [ 145.28419, -16.67275, 0.0 ], [ 145.28803, -16.67263, 0.0 ], [ 145.29128, -16.67697, 0.0 ], [ 145.29426, -16.67596, 0.0 ], [ 145.2977, -16.6796, 0.0 ], [ 145.30098, -16.67598, 0.0 ], [ 145.30834, -16.67581, 0.0 ], [ 145.314210000000116, -16.67351, 0.0 ], [ 145.31467, -16.66929, 0.0 ], [ 145.31248, -16.66811, 0.0 ], [ 145.31541, -16.66647, 0.0 ], [ 145.30840000000012, -16.66239, 0.0 ], [ 145.30477, -16.66333, 0.0 ], [ 145.30223, -16.66174, 0.0 ], [ 145.30221, -16.6625, 0.0 ], [ 145.301330000000121, -16.66314, 0.0 ], [ 145.3018, -16.6615, 0.0 ], [ 145.29884, -16.66135, 0.0 ], [ 145.30017, -16.65955, 0.0 ], [ 145.29712, -16.65771, 0.0 ], [ 145.292460000000119, -16.65765, 0.0 ], [ 145.28962, -16.66015, 0.0 ], [ 145.28996, -16.66565, 0.0 ], [ 145.292780000000107, -16.66701, 0.0 ], [ 145.29173, -16.66794, 0.0 ], [ 145.282920000000104, -16.66812, 0.0 ], [ 145.28232, -16.6666, 0.0 ], [ 145.27927000000011, -16.6678, 0.0 ], [ 145.27871, -16.66452, 0.0 ], [ 145.275710000000117, -16.66475, 0.0 ], [ 145.273370000000114, -16.66278, 0.0 ], [ 145.27383, -16.6653, 0.0 ], [ 145.27137, -16.66397, 0.0 ], [ 145.27132, -16.66036, 0.0 ], [ 145.266210000000115, -16.66395, 0.0 ], [ 145.26082, -16.6554, 0.0 ], [ 145.26186, -16.65428, 0.0 ], [ 145.25849, -16.65203, 0.0 ], [ 145.258290000000102, -16.64917, 0.0 ], [ 145.25728, -16.65032, 0.0 ], [ 145.254820000000109, -16.64945, 0.0 ], [ 145.25402, -16.64458, 0.0 ], [ 145.24633, -16.63875, 0.0 ], [ 145.2476, -16.63592, 0.0 ], [ 145.24553, -16.63404, 0.0 ], [ 145.24636, -16.63088, 0.0 ], [ 145.24332, -16.62975, 0.0 ], [ 145.24537, -16.62944, 0.0 ], [ 145.244330000000105, -16.62832, 0.0 ], [ 145.24152, -16.62796, 0.0 ], [ 145.24467, -16.628, 0.0 ], [ 145.24029, -16.61713, 0.0 ], [ 145.241130000000112, -16.61541, 0.0 ], [ 145.24538, -16.61649, 0.0 ], [ 145.24646, -16.61551, 0.0 ], [ 145.24323, -16.61312, 0.0 ], [ 145.24564, -16.60889, 0.0 ], [ 145.242030000000113, -16.61019, 0.0 ], [ 145.23956, -16.60802, 0.0 ], [ 145.24058, -16.60554, 0.0 ], [ 145.2331, -16.60348, 0.0 ], [ 145.23491, -16.60142, 0.0 ], [ 145.23729, -16.60164, 0.0 ], [ 145.23574, -16.59852, 0.0 ], [ 145.23774, -16.59582, 0.0 ], [ 145.2336600000001, -16.59675, 0.0 ], [ 145.23754, -16.59414, 0.0 ], [ 145.23421, -16.59333, 0.0 ], [ 145.23516, -16.59202, 0.0 ], [ 145.23813, -16.59245, 0.0 ], [ 145.23751, -16.59037, 0.0 ], [ 145.24089, -16.58995, 0.0 ], [ 145.24096, -16.58849, 0.0 ], [ 145.236450000000104, -16.58716, 0.0 ], [ 145.2381, -16.58697, 0.0 ], [ 145.23705, -16.58345, 0.0 ], [ 145.231490000000122, -16.57948, 0.0 ], [ 145.23623, -16.57594, 0.0 ], [ 145.236310000000117, -16.57472, 0.0 ], [ 145.23414, -16.57443, 0.0 ], [ 145.23669, -16.57407, 0.0 ], [ 145.23098, -16.5708, 0.0 ], [ 145.231580000000122, -16.56835, 0.0 ], [ 145.23511, -16.56591, 0.0 ], [ 145.234240000000113, -16.56227, 0.0 ], [ 145.23724, -16.56372, 0.0 ], [ 145.236000000000104, -16.56144, 0.0 ], [ 145.23278, -16.56173, 0.0 ], [ 145.23544, -16.55951, 0.0 ], [ 145.23526, -16.55673, 0.0 ], [ 145.23187, -16.55753, 0.0 ], [ 145.22822, -16.55441, 0.0 ], [ 145.22892, -16.55292, 0.0 ], [ 145.23249, -16.5538, 0.0 ], [ 145.23327, -16.54759, 0.0 ], [ 145.22967, -16.54684, 0.0 ], [ 145.22891, -16.54239, 0.0 ], [ 145.22733, -16.54321, 0.0 ], [ 145.22539, -16.54097, 0.0 ], [ 145.221140000000105, -16.54136, 0.0 ], [ 145.2198, -16.53901, 0.0 ], [ 145.21879, -16.541, 0.0 ], [ 145.21768, -16.54052, 0.0 ], [ 145.21861, -16.53878, 0.0 ], [ 145.21616, -16.5355, 0.0 ], [ 145.21901, -16.53214, 0.0 ], [ 145.218440000000101, -16.52968, 0.0 ], [ 145.21693, -16.53024, 0.0 ], [ 145.21777, -16.52734, 0.0 ], [ 145.21387, -16.52648, 0.0 ], [ 145.20947, -16.53179, 0.0 ], [ 145.208170000000109, -16.52934, 0.0 ], [ 145.21034, -16.52142, 0.0 ], [ 145.21062, -16.52596, 0.0 ], [ 145.215820000000122, -16.52401, 0.0 ], [ 145.21675, -16.52158, 0.0 ], [ 145.2152, -16.51511, 0.0 ], [ 145.21581, -16.51395, 0.0 ], [ 145.217490000000112, -16.51496, 0.0 ], [ 145.21612, -16.5113, 0.0 ], [ 145.211680000000115, -16.51515, 0.0 ], [ 145.21104, -16.51133, 0.0 ], [ 145.20842, -16.51076, 0.0 ], [ 145.20588, -16.50714, 0.0 ], [ 145.19859, -16.50426, 0.0 ], [ 145.19629, -16.50552, 0.0 ], [ 145.196600000000103, -16.502, 0.0 ], [ 145.19582, -16.50118, 0.0 ], [ 145.19641, -16.50218, 0.0 ], [ 145.19355, -16.5024, 0.0 ], [ 145.19319, -16.50566, 0.0 ], [ 145.1859, -16.50247, 0.0 ], [ 145.18581, -16.50648, 0.0 ], [ 145.18162, -16.5048, 0.0 ], [ 145.18078, -16.50633, 0.0 ], [ 145.18465, -16.50841, 0.0 ], [ 145.17973, -16.50927, 0.0 ], [ 145.18101, -16.51051, 0.0 ], [ 145.17984, -16.51247, 0.0 ], [ 145.18569, -16.51758, 0.0 ], [ 145.18492, -16.52169, 0.0 ], [ 145.18379, -16.522, 0.0 ], [ 145.18423, -16.52048, 0.0 ], [ 145.181870000000117, -16.52195, 0.0 ], [ 145.18118, -16.5209, 0.0 ], [ 145.18258, -16.52321, 0.0 ], [ 145.18009, -16.52168, 0.0 ], [ 145.17696, -16.52241, 0.0 ], [ 145.17547, -16.51912, 0.0 ], [ 145.16901, -16.51634, 0.0 ], [ 145.16957, -16.51329, 0.0 ], [ 145.16412, -16.51448, 0.0 ], [ 145.16202, -16.51184, 0.0 ], [ 145.15789, -16.51223, 0.0 ], [ 145.15871, -16.50945, 0.0 ], [ 145.15588, -16.503, 0.0 ], [ 145.15018, -16.50025, 0.0 ], [ 145.14884, -16.49689, 0.0 ], [ 145.146840000000111, -16.49704, 0.0 ], [ 145.1488, -16.49465, 0.0 ], [ 145.14485, -16.49522, 0.0 ], [ 145.14308, -16.49788, 0.0 ], [ 145.141480000000115, -16.4952, 0.0 ], [ 145.13897, -16.49518, 0.0 ], [ 145.13659, -16.48755, 0.0 ], [ 145.13566, -16.49024, 0.0 ], [ 145.13296, -16.48994, 0.0 ], [ 145.13148, -16.48747, 0.0 ], [ 145.129500000000121, -16.48809, 0.0 ], [ 145.12889, -16.48581, 0.0 ], [ 145.12678, -16.48516, 0.0 ], [ 145.12684, -16.47753, 0.0 ], [ 145.125230000000101, -16.47509, 0.0 ], [ 145.12551, -16.47226, 0.0 ], [ 145.12688, -16.47239, 0.0 ], [ 145.127480000000105, -16.47083, 0.0 ], [ 145.12381, -16.47001, 0.0 ], [ 145.12327, -16.4685, 0.0 ], [ 145.127210000000105, -16.46772, 0.0 ], [ 145.12999, -16.47069, 0.0 ], [ 145.13063000000011, -16.46922, 0.0 ], [ 145.13641, -16.46957, 0.0 ], [ 145.13404, -16.46601, 0.0 ], [ 145.13299, -16.4655, 0.0 ], [ 145.13229, -16.46741, 0.0 ], [ 145.1319, -16.46455, 0.0 ], [ 145.125500000000102, -16.46104, 0.0 ], [ 145.12584, -16.4579, 0.0 ], [ 145.12253, -16.45411, 0.0 ], [ 145.11848, -16.45476, 0.0 ], [ 145.12094, -16.45327, 0.0 ], [ 145.11936, -16.45196, 0.0 ], [ 145.120680000000107, -16.45133, 0.0 ], [ 145.12184, -16.45305, 0.0 ], [ 145.12412, -16.45115, 0.0 ], [ 145.11932, -16.44919, 0.0 ], [ 145.119150000000104, -16.44701, 0.0 ], [ 145.11785, -16.4495, 0.0 ], [ 145.11899, -16.44573, 0.0 ], [ 145.1256, -16.44662, 0.0 ], [ 145.12367, -16.44569, 0.0 ], [ 145.12501, -16.44569, 0.0 ], [ 145.12378, -16.44392, 0.0 ], [ 145.125450000000114, -16.44252, 0.0 ], [ 145.11934, -16.44015, 0.0 ], [ 145.12026, -16.43686, 0.0 ], [ 145.11889, -16.43764, 0.0 ], [ 145.11841, -16.43619, 0.0 ], [ 145.12112, -16.43463, 0.0 ], [ 145.12161, -16.43714, 0.0 ], [ 145.12357, -16.43648, 0.0 ], [ 145.12327, -16.43799, 0.0 ], [ 145.12934, -16.44132, 0.0 ], [ 145.1305, -16.44362, 0.0 ], [ 145.13206, -16.44333, 0.0 ], [ 145.13157, -16.44168, 0.0 ], [ 145.133510000000115, -16.44083, 0.0 ], [ 145.13267, -16.4397, 0.0 ], [ 145.1221, -16.43385, 0.0 ], [ 145.13035, -16.4327, 0.0 ], [ 145.13439, -16.43592, 0.0 ], [ 145.133870000000115, -16.43316, 0.0 ], [ 145.13251, -16.43191, 0.0 ], [ 145.131530000000112, -16.4332, 0.0 ], [ 145.12860000000012, -16.4271, 0.0 ], [ 145.131440000000111, -16.42829, 0.0 ], [ 145.13179, -16.42686, 0.0 ], [ 145.1325, -16.42865, 0.0 ], [ 145.13822, -16.42958, 0.0 ], [ 145.13622, -16.4268, 0.0 ], [ 145.13806000000011, -16.42604, 0.0 ], [ 145.13573, -16.42391, 0.0 ], [ 145.136530000000107, -16.42255, 0.0 ], [ 145.143730000000119, -16.42584, 0.0 ], [ 145.150040000000104, -16.42383, 0.0 ], [ 145.14965, -16.42026, 0.0 ], [ 145.14709, -16.42113, 0.0 ], [ 145.14472000000012, -16.41716, 0.0 ], [ 145.14336, -16.4194, 0.0 ], [ 145.13981, -16.41787, 0.0 ], [ 145.139, -16.42002, 0.0 ], [ 145.133060000000114, -16.41859, 0.0 ], [ 145.13327, -16.4157, 0.0 ], [ 145.13679, -16.41683, 0.0 ], [ 145.13609, -16.41534, 0.0 ], [ 145.13927, -16.41391, 0.0 ], [ 145.13876, -16.41254, 0.0 ], [ 145.13976, -16.41387, 0.0 ], [ 145.14523, -16.41322, 0.0 ], [ 145.14149, -16.41066, 0.0 ], [ 145.14147, -16.412, 0.0 ], [ 145.135630000000106, -16.40653, 0.0 ], [ 145.13845, -16.40599, 0.0 ], [ 145.13461, -16.39939, 0.0 ], [ 145.13766, -16.3977, 0.0 ], [ 145.13715, -16.39234, 0.0 ], [ 145.13891, -16.39131, 0.0 ], [ 145.14209, -16.39216, 0.0 ], [ 145.13949, -16.39256, 0.0 ], [ 145.143010000000118, -16.39529, 0.0 ], [ 145.14296, -16.39292, 0.0 ], [ 145.14617, -16.39366, 0.0 ], [ 145.145760000000109, -16.39042, 0.0 ], [ 145.14865, -16.39303, 0.0 ], [ 145.15059, -16.39317, 0.0 ], [ 145.14997, -16.3923, 0.0 ], [ 145.15194, -16.39214, 0.0 ], [ 145.15057, -16.39271, 0.0 ], [ 145.15259, -16.39359, 0.0 ], [ 145.151660000000106, -16.39671, 0.0 ], [ 145.15557, -16.39495, 0.0 ], [ 145.15889, -16.39744, 0.0 ], [ 145.16166, -16.39388, 0.0 ], [ 145.163950000000114, -16.39331, 0.0 ], [ 145.167190000000119, -16.39537, 0.0 ], [ 145.170840000000112, -16.3939, 0.0 ], [ 145.14727, -16.38782, 0.0 ], [ 145.14734, -16.38626, 0.0 ], [ 145.15019, -16.38547, 0.0 ], [ 145.14708, -16.38493, 0.0 ], [ 145.14929, -16.38389, 0.0 ], [ 145.148420000000101, -16.37992, 0.0 ], [ 145.14598, -16.37952, 0.0 ], [ 145.14804, -16.37791, 0.0 ], [ 145.14588, -16.3776, 0.0 ], [ 145.14546, -16.37899, 0.0 ], [ 145.14435, -16.3775, 0.0 ], [ 145.14642, -16.37439, 0.0 ], [ 145.14622, -16.37162, 0.0 ], [ 145.148910000000114, -16.37022, 0.0 ], [ 145.14631, -16.36608, 0.0 ], [ 145.14942, -16.3609, 0.0 ], [ 145.14539, -16.36127, 0.0 ], [ 145.145620000000122, -16.36414, 0.0 ], [ 145.14343, -16.36343, 0.0 ], [ 145.14284, -16.3671, 0.0 ], [ 145.13839, -16.36495, 0.0 ], [ 145.13684000000012, -16.35993, 0.0 ], [ 145.13946, -16.35854, 0.0 ], [ 145.12985, -16.35698, 0.0 ], [ 145.12862, -16.35503, 0.0 ], [ 145.13157, -16.34707, 0.0 ], [ 145.129590000000121, -16.34416, 0.0 ], [ 145.13072000000011, -16.34373, 0.0 ], [ 145.12989, -16.34058, 0.0 ], [ 145.131350000000111, -16.34036, 0.0 ], [ 145.12984, -16.3359, 0.0 ], [ 145.12485, -16.33369, 0.0 ], [ 145.1246000000001, -16.32847, 0.0 ], [ 145.12582, -16.32803, 0.0 ], [ 145.12044, -16.32317, 0.0 ], [ 145.118020000000115, -16.32195, 0.0 ], [ 145.117300000000114, -16.32342, 0.0 ], [ 145.11327, -16.32356, 0.0 ], [ 145.110950000000116, -16.3222, 0.0 ], [ 145.112980000000107, -16.3201, 0.0 ], [ 145.1094, -16.31615, 0.0 ], [ 145.11264, -16.31492, 0.0 ], [ 145.11092, -16.31436, 0.0 ], [ 145.11022, -16.31033, 0.0 ], [ 145.11153, -16.30786, 0.0 ], [ 145.10614, -16.30522, 0.0 ], [ 145.09612, -16.3039, 0.0 ], [ 145.09826, -16.30736, 0.0 ], [ 145.09919, -16.31955, 0.0 ], [ 145.09687, -16.3221, 0.0 ], [ 145.09239, -16.32309, 0.0 ], [ 145.08846, -16.31516, 0.0 ], [ 145.08275, -16.31107, 0.0 ], [ 145.08379, -16.30928, 0.0 ], [ 145.08352, -16.30894, 0.0 ], [ 145.08232, -16.31052, 0.0 ], [ 145.08086, -16.30957, 0.0 ], [ 145.08098, -16.31238, 0.0 ], [ 145.07572, -16.31258, 0.0 ], [ 145.07576, -16.31431, 0.0 ], [ 145.076730000000111, -16.31324, 0.0 ], [ 145.08158, -16.31575, 0.0 ], [ 145.07701, -16.31512, 0.0 ], [ 145.07472, -16.31798, 0.0 ], [ 145.07656, -16.32232, 0.0 ], [ 145.07015, -16.32281, 0.0 ], [ 145.06866, -16.32597, 0.0 ], [ 145.064390000000117, -16.32764, 0.0 ], [ 145.06122, -16.3316, 0.0 ], [ 145.061420000000112, -16.33374, 0.0 ], [ 145.058360000000107, -16.33392, 0.0 ], [ 145.057820000000106, -16.33648, 0.0 ], [ 145.05484, -16.33529, 0.0 ], [ 145.05434, -16.33837, 0.0 ], [ 145.05907, -16.34215, 0.0 ], [ 145.056740000000104, -16.34384, 0.0 ], [ 145.05466, -16.34271, 0.0 ], [ 145.05343, -16.33809, 0.0 ], [ 145.050480000000107, -16.34054, 0.0 ], [ 145.05202, -16.34114, 0.0 ], [ 145.05212, -16.34323, 0.0 ], [ 145.04964, -16.34211, 0.0 ], [ 145.04824, -16.33988, 0.0 ], [ 145.05067, -16.33707, 0.0 ], [ 145.04875, -16.3345, 0.0 ], [ 145.04015, -16.33539, 0.0 ], [ 145.03815, -16.3385, 0.0 ], [ 145.03198, -16.33607, 0.0 ], [ 145.03147, -16.33256, 0.0 ], [ 145.029630000000111, -16.33141, 0.0 ], [ 145.03063, -16.32963, 0.0 ], [ 145.02825, -16.3279, 0.0 ], [ 145.03022, -16.32643, 0.0 ], [ 145.028550000000109, -16.32598, 0.0 ], [ 145.02915, -16.32384, 0.0 ], [ 145.02644, -16.32473, 0.0 ], [ 145.02361, -16.32113, 0.0 ], [ 145.01964, -16.3251, 0.0 ], [ 145.01514, -16.32402, 0.0 ], [ 145.01719, -16.32561, 0.0 ], [ 145.01619, -16.32811, 0.0 ], [ 145.00738, -16.3267, 0.0 ], [ 145.00539, -16.32889, 0.0 ], [ 145.00586, -16.3305, 0.0 ], [ 145.00313, -16.32779, 0.0 ], [ 145.00458, -16.33048, 0.0 ], [ 145.000000000000114, -16.33281, 0.0 ], [ 144.99777, -16.33157, 0.0 ], [ 144.99673, -16.33469, 0.0 ], [ 144.9834, -16.33252, 0.0 ], [ 144.976720000000114, -16.32972, 0.0 ], [ 144.9679900000001, -16.32388, 0.0 ], [ 144.96765, -16.32176, 0.0 ], [ 144.96241, -16.31701, 0.0 ], [ 144.962760000000117, -16.30724, 0.0 ], [ 144.96478, -16.30793, 0.0 ], [ 144.96668000000011, -16.3055, 0.0 ], [ 144.97038, -16.30618, 0.0 ], [ 144.97347, -16.30455, 0.0 ], [ 144.96037, -16.30058, 0.0 ], [ 144.95048, -16.29401, 0.0 ], [ 144.945920000000115, -16.2953, 0.0 ], [ 144.94351, -16.29413, 0.0 ], [ 144.94343, -16.29166, 0.0 ], [ 144.939440000000104, -16.2904, 0.0 ], [ 144.94277000000011, -16.28971, 0.0 ], [ 144.942320000000109, -16.28712, 0.0 ], [ 144.93486, -16.28379, 0.0 ], [ 144.93487, -16.28115, 0.0 ], [ 144.937770000000114, -16.27839, 0.0 ], [ 144.93382, -16.27228, 0.0 ], [ 144.93185, -16.27175, 0.0 ], [ 144.93262, -16.26901, 0.0 ], [ 144.924980000000119, -16.26449, 0.0 ], [ 144.923810000000117, -16.26313, 0.0 ], [ 144.92479, -16.26077, 0.0 ], [ 144.92243, -16.26159, 0.0 ], [ 144.92334, -16.25942, 0.0 ], [ 144.91956, -16.24974, 0.0 ], [ 144.91331, -16.24453, 0.0 ], [ 144.91441, -16.2415, 0.0 ], [ 144.913500000000113, -16.2364, 0.0 ], [ 144.91097, -16.23175, 0.0 ], [ 144.91376, -16.23102, 0.0 ], [ 144.91331, -16.22802, 0.0 ], [ 144.9102, -16.2272, 0.0 ], [ 144.908730000000105, -16.22153, 0.0 ], [ 144.90344, -16.22084, 0.0 ], [ 144.90395, -16.21539, 0.0 ], [ 144.90213, -16.21356, 0.0 ], [ 144.90442, -16.20975, 0.0 ], [ 144.89989, -16.20709, 0.0 ], [ 144.90131, -16.20532, 0.0 ], [ 144.89915, -16.20506, 0.0 ], [ 144.89997, -16.20263, 0.0 ], [ 144.90034, -16.20361, 0.0 ], [ 144.903640000000109, -16.20222, 0.0 ], [ 144.89814, -16.19897, 0.0 ] ] ] ] } },
{ "type": "Feature", "properties": { "Name": "Wet Tropics (WET)", "FolderPath": "Wet Tropics (WET) bioregion", "SymbolID": 0, "AltMode": 0, "Base": 0.0, "Clamped": -1, "Extruded": 0, "Snippet": null, "PopupInfo": "<p><a href=\"https://wetlandinfo.des.qld.gov.au/wetlands/facts-maps/bioregion-wet-tropics-wet/\" target=\"_blank\">View wetland summary information</a></p>", "Shape_Leng": 0.00597509919, "Shape_Area": 2.00425e-06 }, "geometry": { "type": "MultiPolygon", "coordinates": [ [ [ [ 145.33424, -15.60745, 0.0 ], [ 145.33572, -15.60589, 0.0 ], [ 145.33621, -15.60741, 0.0 ], [ 145.334970000000112, -15.60794, 0.0 ], [ 145.33424, -15.60745, 0.0 ] ] ] ] } },
{ "type": "Feature", "properties": { "Name": "Wet Tropics (WET)", "FolderPath": "Wet Tropics (WET) bioregion", "SymbolID": 0, "AltMode": 0, "Base": 0.0, "Clamped": -1, "Extruded": 0, "Snippet": null, "PopupInfo": "<p><a href=\"https://wetlandinfo.des.qld.gov.au/wetlands/facts-maps/bioregion-wet-tropics-wet/\" target=\"_blank\">View wetland summary information</a></p>", "Shape_Leng": 0.00305916594, "Shape_Area": 4.3265e-07 }, "geometry": { "type": "MultiPolygon", "coordinates": [ [ [ [ 145.44708, -16.17167, 0.0 ], [ 145.4474, -16.17064, 0.0 ], [ 145.44771, -16.17129, 0.0 ], [ 145.44787, -16.17173, 0.0 ], [ 145.44708, -16.17167, 0.0 ] ] ] ] } },
{ "type": "Feature", "properties": { "Name": "Wet Tropics (WET)", "FolderPath": "Wet Tropics (WET) bioregion", "SymbolID": 0, "AltMode": 0, "Base": 0.0, "Clamped": -1, "Extruded": 0, "Snippet": null, "PopupInfo": "<p><a href=\"https://wetlandinfo.des.qld.gov.au/wetlands/facts-maps/bioregion-wet-tropics-wet/\" target=\"_blank\">View wetland summary information</a></p>", "Shape_Leng": 0.0438535995, "Shape_Area": 5.502275e-05 }, "geometry": { "type": "MultiPolygon", "coordinates": [ [ [ [ 145.49177, -16.2934, 0.0 ], [ 145.492350000000101, -16.29211, 0.0 ], [ 145.495770000000107, -16.29219, 0.0 ], [ 145.49923, -16.29438, 0.0 ], [ 145.50161, -16.29852, 0.0 ], [ 145.50616, -16.29953, 0.0 ], [ 145.507750000000101, -16.30415, 0.0 ], [ 145.50328, -16.30227, 0.0 ], [ 145.502390000000105, -16.30026, 0.0 ], [ 145.49511, -16.29777, 0.0 ], [ 145.49418, -16.29489, 0.0 ], [ 145.49177, -16.2934, 0.0 ] ] ] ] } },
{ "type": "Feature", "properties": { "Name": "Wet Tropics (WET)", "FolderPath": "Wet Tropics (WET) bioregion", "SymbolID": 0, "AltMode": 0, "Base": 0.0, "Clamped": -1, "Extruded": 0, "Snippet": null, "PopupInfo": "<p><a href=\"https://wetlandinfo.des.qld.gov.au/wetlands/facts-maps/bioregion-wet-tropics-wet/\" target=\"_blank\">View wetland summary information</a></p>", "Shape_Leng": 0.02886245984, "Shape_Area": 2.72683e-05 }, "geometry": { "type": "MultiPolygon", "coordinates": [ [ [ [ 145.67911, -16.72516, 0.0 ], [ 145.68493, -16.72403, 0.0 ], [ 145.6858, -16.72223, 0.0 ], [ 145.68708, -16.72274, 0.0 ], [ 145.68868, -16.726, 0.0 ], [ 145.68234, -16.72667, 0.0 ], [ 145.68001, -16.73031, 0.0 ], [ 145.67911, -16.72516, 0.0 ] ] ] ] } },
{ "type": "Feature", "properties": { "Name": "Wet Tropics (WET)", "FolderPath": "Wet Tropics (WET) bioregion", "SymbolID": 0, "AltMode": 0, "Base": 0.0, "Clamped": -1, "Extruded": 0, "Snippet": null, "PopupInfo": "<p><a href=\"https://wetlandinfo.des.qld.gov.au/wetlands/facts-maps/bioregion-wet-tropics-wet/\" target=\"_blank\">View wetland summary information</a></p>", "Shape_Leng": 0.0026624404, "Shape_Area": 3.686e-07 }, "geometry": { "type": "MultiPolygon", "coordinates": [ [ [ [ 145.69458, -16.73139, 0.0 ], [ 145.69515, -16.73095, 0.0 ], [ 145.69566, -16.73147, 0.0 ], [ 145.695520000000101, -16.73166, 0.0 ], [ 145.69458, -16.73139, 0.0 ] ] ] ] } },
{ "type": "Feature", "properties": { "Name": "Wet Tropics (WET)", "FolderPath": "Wet Tropics (WET) bioregion", "SymbolID": 0, "AltMode": 0, "Base": 0.0, "Clamped": -1, "Extruded": 0, "Snippet": null, "PopupInfo": "<p><a href=\"https://wetlandinfo.des.qld.gov.au/wetlands/facts-maps/bioregion-wet-tropics-wet/\" target=\"_blank\">View wetland summary information</a></p>", "Shape_Leng": 0.01153244118, "Shape_Area": 5.15765e-06 }, "geometry": { "type": "MultiPolygon", "coordinates": [ [ [ [ 145.893510000000106, -16.8837, 0.0 ], [ 145.89356, -16.88251, 0.0 ], [ 145.89619, -16.88463, 0.0 ], [ 145.89607, -16.88723, 0.0 ], [ 145.893510000000106, -16.8837, 0.0 ] ] ] ] } },
{ "type": "Feature", "properties": { "Name": "Wet Tropics (WET)", "FolderPath": "Wet Tropics (WET) bioregion", "SymbolID": 0, "AltMode": 0, "Base": 0.0, "Clamped": -1, "Extruded": 0, "Snippet": null, "PopupInfo": "<p><a href=\"https://wetlandinfo.des.qld.gov.au/wetlands/facts-maps/bioregion-wet-tropics-wet/\" target=\"_blank\">View wetland summary information</a></p>", "Shape_Leng": 0.00387460893, "Shape_Area": 8.578e-07 }, "geometry": { "type": "MultiPolygon", "coordinates": [ [ [ [ 145.900800000000118, -16.99316, 0.0 ], [ 145.90187, -16.99322, 0.0 ], [ 145.90216, -16.99366, 0.0 ], [ 145.90105, -16.99418, 0.0 ], [ 145.900800000000118, -16.99316, 0.0 ] ] ] ] } },
{ "type": "Feature", "properties": { "Name": "Wet Tropics (WET)", "FolderPath": "Wet Tropics (WET) bioregion", "SymbolID": 0, "AltMode": 0, "Base": 0.0, "Clamped": -1, "Extruded": 0, "Snippet": null, "PopupInfo": "<p><a href=\"https://wetlandinfo.des.qld.gov.au/wetlands/facts-maps/bioregion-wet-tropics-wet/\" target=\"_blank\">View wetland summary information</a></p>", "Shape_Leng": 0.0681803072, "Shape_Area": 0.0002924686 }, "geometry": { "type": "MultiPolygon", "coordinates": [ [ [ [ 145.98301, -16.93781, 0.0 ], [ 145.98351, -16.9338, 0.0 ], [ 145.98864, -16.93089, 0.0 ], [ 145.99128, -16.92448, 0.0 ], [ 145.999010000000112, -16.92236, 0.0 ], [ 146.00586, -16.92424, 0.0 ], [ 146.00305, -16.9336, 0.0 ], [ 145.99727, -16.94008, 0.0 ], [ 145.99304, -16.94272, 0.0 ], [ 145.98779, -16.94351, 0.0 ], [ 145.98301, -16.93781, 0.0 ] ] ] ] } },
{ "type": "Feature", "properties": { "Name": "Wet Tropics (WET)", "FolderPath": "Wet Tropics (WET) bioregion", "SymbolID": 0, "AltMode": 0, "Base": 0.0, "Clamped": -1, "Extruded": 0, "Snippet": null, "PopupInfo": "<p><a href=\"https://wetlandinfo.des.qld.gov.au/wetlands/facts-maps/bioregion-wet-tropics-wet/\" target=\"_blank\">View wetland summary information</a></p>", "Shape_Leng": 0.03471047511, "Shape_Area": 5.90709e-05 }, "geometry": { "type": "MultiPolygon", "coordinates": [ [ [ [ 146.00471, -17.15411, 0.0 ], [ 146.00912, -17.15326, 0.0 ], [ 146.015360000000101, -17.1559, 0.0 ], [ 146.01161, -17.16239, 0.0 ], [ 146.011030000000119, -17.16537, 0.0 ], [ 146.00471, -17.15411, 0.0 ] ] ] ] } },
{ "type": "Feature", "properties": { "Name": "Wet Tropics (WET)", "FolderPath": "Wet Tropics (WET) bioregion", "SymbolID": 0, "AltMode": 0, "Base": 0.0, "Clamped": -1, "Extruded": 0, "Snippet": null, "PopupInfo": "<p><a href=\"https://wetlandinfo.des.qld.gov.au/wetlands/facts-maps/bioregion-wet-tropics-wet/\" target=\"_blank\">View wetland summary information</a></p>", "Shape_Leng": 0.00445910688, "Shape_Area": 1.1023e-06 }, "geometry": { "type": "MultiPolygon", "coordinates": [ [ [ [ 146.00655, -16.9225, 0.0 ], [ 146.0078, -16.92159, 0.0 ], [ 146.007840000000101, -16.92278, 0.0 ], [ 146.0073900000001, -16.92321, 0.0 ], [ 146.00655, -16.9225, 0.0 ] ] ] ] } },
{ "type": "Feature", "properties": { "Name": "Wet Tropics (WET)", "FolderPath": "Wet Tropics (WET) bioregion", "SymbolID": 0, "AltMode": 0, "Base": 0.0, "Clamped": -1, "Extruded": 0, "Snippet": null, "PopupInfo": "<p><a href=\"https://wetlandinfo.des.qld.gov.au/wetlands/facts-maps/bioregion-wet-tropics-wet/\" target=\"_blank\">View wetland summary information</a></p>", "Shape_Leng": 1.28535223078, "Shape_Area": 0.03412882645 }, "geometry": { "type": "MultiPolygon", "coordinates": [ [ [ [ 146.07001, -18.24682, 0.0 ], [ 146.08531, -18.24228, 0.0 ], [ 146.09891, -18.23519, 0.0 ], [ 146.1057, -18.23335, 0.0 ], [ 146.112120000000118, -18.23574, 0.0 ], [ 146.12377, -18.23386, 0.0 ], [ 146.12889, -18.23613, 0.0 ], [ 146.13112, -18.23979, 0.0 ], [ 146.13769, -18.24062, 0.0 ], [ 146.13807, -18.24394, 0.0 ], [ 146.14113, -18.24562, 0.0 ], [ 146.14964, -18.24475, 0.0 ], [ 146.15606, -18.25584, 0.0 ], [ 146.16021000000012, -18.25599, 0.0 ], [ 146.167600000000107, -18.26288, 0.0 ], [ 146.18198, -18.26451, 0.0 ], [ 146.19306, -18.27171, 0.0 ], [ 146.19711, -18.27797, 0.0 ], [ 146.209160000000111, -18.28038, 0.0 ], [ 146.21126, -18.28222, 0.0 ], [ 146.214, -18.28225, 0.0 ], [ 146.2153, -18.28065, 0.0 ], [ 146.22593, -18.28572, 0.0 ], [ 146.22928, -18.28461, 0.0 ], [ 146.22516, -18.2767, 0.0 ], [ 146.23223, -18.28077, 0.0 ], [ 146.23313, -18.27726, 0.0 ], [ 146.229600000000119, -18.27071, 0.0 ], [ 146.22995, -18.26928, 0.0 ], [ 146.23278, -18.26872, 0.0 ], [ 146.23238, -18.26538, 0.0 ], [ 146.23926, -18.26838, 0.0 ], [ 146.24283, -18.26722, 0.0 ], [ 146.24276, -18.2657, 0.0 ], [ 146.2326, -18.2578, 0.0 ], [ 146.23309, -18.25348, 0.0 ], [ 146.22685, -18.2457, 0.0 ], [ 146.22999, -18.24338, 0.0 ], [ 146.22851, -18.24241, 0.0 ], [ 146.22935, -18.23779, 0.0 ], [ 146.227220000000102, -18.23396, 0.0 ], [ 146.22229, -18.22883, 0.0 ], [ 146.21669, -18.22644, 0.0 ], [ 146.22306, -18.22233, 0.0 ], [ 146.22425, -18.20935, 0.0 ], [ 146.22094, -18.2027, 0.0 ], [ 146.223480000000109, -18.19328, 0.0 ], [ 146.22584, -18.197, 0.0 ], [ 146.229600000000119, -18.19476, 0.0 ], [ 146.22908, -18.19618, 0.0 ], [ 146.231580000000122, -18.1974, 0.0 ], [ 146.22811, -18.20537, 0.0 ], [ 146.232800000000111, -18.22142, 0.0 ], [ 146.24173, -18.22393, 0.0 ], [ 146.24443, -18.23132, 0.0 ], [ 146.2498, -18.23788, 0.0 ], [ 146.25397, -18.23668, 0.0 ], [ 146.256620000000112, -18.23927, 0.0 ], [ 146.2639, -18.24043, 0.0 ], [ 146.27399, -18.24019, 0.0 ], [ 146.2804900000001, -18.23804, 0.0 ], [ 146.28411, -18.2393, 0.0 ], [ 146.28541, -18.23739, 0.0 ], [ 146.29194, -18.23673, 0.0 ], [ 146.29409, -18.23361, 0.0 ], [ 146.29852, -18.23136, 0.0 ], [ 146.29846, -18.23423, 0.0 ], [ 146.30233, -18.23507, 0.0 ], [ 146.301330000000121, -18.23967, 0.0 ], [ 146.30573, -18.24003, 0.0 ], [ 146.30532, -18.24294, 0.0 ], [ 146.29565, -18.24882, 0.0 ], [ 146.28597, -18.26849, 0.0 ], [ 146.2761, -18.29795, 0.0 ], [ 146.27453, -18.3158, 0.0 ], [ 146.27777, -18.32252, 0.0 ], [ 146.28048, -18.32144, 0.0 ], [ 146.29016, -18.3266, 0.0 ], [ 146.29079, -18.3293, 0.0 ], [ 146.288680000000113, -18.33061, 0.0 ], [ 146.28889, -18.33403, 0.0 ], [ 146.29274, -18.3379, 0.0 ], [ 146.29613, -18.33749, 0.0 ], [ 146.3006, -18.3404, 0.0 ], [ 146.30166, -18.34445, 0.0 ], [ 146.3001, -18.34827, 0.0 ], [ 146.30436, -18.35529, 0.0 ], [ 146.308900000000108, -18.35629, 0.0 ], [ 146.31102, -18.35369, 0.0 ], [ 146.31334, -18.35684, 0.0 ], [ 146.31765, -18.35556, 0.0 ], [ 146.31848, -18.35244, 0.0 ], [ 146.33177000000012, -18.36304, 0.0 ], [ 146.33226, -18.36754, 0.0 ], [ 146.33458, -18.36945, 0.0 ], [ 146.32969, -18.36959, 0.0 ], [ 146.32884, -18.37092, 0.0 ], [ 146.33211, -18.37468, 0.0 ], [ 146.33813, -18.37635, 0.0 ], [ 146.33761, -18.37846, 0.0 ], [ 146.33981, -18.3815, 0.0 ], [ 146.338120000000117, -18.38139, 0.0 ], [ 146.33861, -18.38482, 0.0 ], [ 146.33483, -18.38626, 0.0 ], [ 146.32654, -18.3814, 0.0 ], [ 146.32296, -18.39074, 0.0 ], [ 146.322590000000105, -18.3983, 0.0 ], [ 146.326550000000111, -18.40233, 0.0 ], [ 146.32805, -18.39941, 0.0 ], [ 146.33562, -18.40188, 0.0 ], [ 146.33847, -18.40698, 0.0 ], [ 146.33795, -18.41034, 0.0 ], [ 146.3412, -18.41072, 0.0 ], [ 146.3457, -18.41596, 0.0 ], [ 146.35018, -18.41498, 0.0 ], [ 146.35387, -18.41672, 0.0 ], [ 146.35444, -18.4194, 0.0 ], [ 146.35603, -18.41789, 0.0 ], [ 146.35784, -18.41919, 0.0 ], [ 146.35693, -18.42115, 0.0 ], [ 146.35092, -18.42064, 0.0 ], [ 146.35174, -18.42476, 0.0 ], [ 146.34855, -18.42488, 0.0 ], [ 146.3444, -18.43169, 0.0 ], [ 146.339070000000106, -18.43045, 0.0 ], [ 146.33685, -18.4314, 0.0 ], [ 146.33549, -18.43449, 0.0 ], [ 146.33602, -18.43927, 0.0 ], [ 146.33428, -18.44291, 0.0 ], [ 146.3318, -18.44369, 0.0 ], [ 146.332810000000109, -18.44718, 0.0 ], [ 146.328170000000114, -18.44613, 0.0 ], [ 146.32592000000011, -18.46128, 0.0 ], [ 146.33003, -18.47419, 0.0 ], [ 146.32837, -18.48302, 0.0 ], [ 146.32661, -18.48539, 0.0 ], [ 146.31544, -18.48941, 0.0 ], [ 146.31447, -18.4895, 0.0 ], [ 146.314080000000104, -18.48915, 0.0 ], [ 146.316330000000107, -18.48888, 0.0 ], [ 146.31396, -18.48871, 0.0 ], [ 146.304490000000101, -18.49427, 0.0 ], [ 146.29561, -18.49274, 0.0 ], [ 146.29324, -18.49004, 0.0 ], [ 146.288140000000112, -18.48817, 0.0 ], [ 146.278140000000121, -18.48953, 0.0 ], [ 146.24304, -18.48791, 0.0 ], [ 146.235320000000115, -18.4822, 0.0 ], [ 146.221590000000106, -18.47654, 0.0 ], [ 146.2211, -18.46941, 0.0 ], [ 146.21278, -18.45501, 0.0 ], [ 146.21433, -18.45343, 0.0 ], [ 146.21194, -18.45328, 0.0 ], [ 146.211590000000115, -18.45107, 0.0 ], [ 146.205240000000117, -18.44658, 0.0 ], [ 146.20076, -18.43884, 0.0 ], [ 146.20132, -18.42267, 0.0 ], [ 146.20455, -18.41824, 0.0 ], [ 146.2022300000001, -18.41276, 0.0 ], [ 146.20634, -18.40686, 0.0 ], [ 146.20721, -18.40258, 0.0 ], [ 146.206140000000119, -18.39494, 0.0 ], [ 146.20386, -18.39225, 0.0 ], [ 146.2014, -18.38378, 0.0 ], [ 146.20252, -18.38181, 0.0 ], [ 146.19693, -18.37878, 0.0 ], [ 146.19513, -18.37579, 0.0 ], [ 146.1959, -18.37261, 0.0 ], [ 146.17721, -18.35495, 0.0 ], [ 146.17537, -18.35103, 0.0 ], [ 146.17655, -18.34953, 0.0 ], [ 146.17062, -18.34504, 0.0 ], [ 146.15672, -18.3201, 0.0 ], [ 146.15423, -18.31792, 0.0 ], [ 146.15506, -18.3164, 0.0 ], [ 146.14416, -18.30855, 0.0 ], [ 146.130900000000111, -18.30529, 0.0 ], [ 146.120770000000107, -18.30025, 0.0 ], [ 146.111940000000118, -18.29069, 0.0 ], [ 146.10449, -18.28613, 0.0 ], [ 146.10067, -18.28616, 0.0 ], [ 146.08805, -18.26843, 0.0 ], [ 146.079120000000103, -18.26112, 0.0 ], [ 146.07001, -18.24682, 0.0 ] ] ] ] } },
{ "type": "Feature", "properties": { "Name": "Wet Tropics (WET)", "FolderPath": "Wet Tropics (WET) bioregion", "SymbolID": 0, "AltMode": 0, "Base": 0.0, "Clamped": -1, "Extruded": 0, "Snippet": null, "PopupInfo": "<p><a href=\"https://wetlandinfo.des.qld.gov.au/wetlands/facts-maps/bioregion-wet-tropics-wet/\" target=\"_blank\">View wetland summary information</a></p>", "Shape_Leng": 0.00619262062, "Shape_Area": 1.35435e-06 }, "geometry": { "type": "MultiPolygon", "coordinates": [ [ [ [ 146.09921, -18.34028, 0.0 ], [ 146.09979, -18.33887, 0.0 ], [ 146.10034, -18.34164, 0.0 ], [ 146.10005, -18.34158, 0.0 ], [ 146.09921, -18.34028, 0.0 ] ] ] ] } },
{ "type": "Feature", "properties": { "Name": "Wet Tropics (WET)", "FolderPath": "Wet Tropics (WET) bioregion", "SymbolID": 0, "AltMode": 0, "Base": 0.0, "Clamped": -1, "Extruded": 0, "Snippet": null, "PopupInfo": "<p><a href=\"https://wetlandinfo.des.qld.gov.au/wetlands/facts-maps/bioregion-wet-tropics-wet/\" target=\"_blank\">View wetland summary information</a></p>", "Shape_Leng": 0.015880014, "Shape_Area": 1.376535e-05 }, "geometry": { "type": "MultiPolygon", "coordinates": [ [ [ [ 146.13335, -17.97952, 0.0 ], [ 146.13861, -17.97996, 0.0 ], [ 146.13934, -17.98223, 0.0 ], [ 146.134640000000104, -17.98276, 0.0 ], [ 146.13335, -17.97952, 0.0 ] ] ] ] } },
{ "type": "Feature", "properties": { "Name": "Wet Tropics (WET)", "FolderPath": "Wet Tropics (WET) bioregion", "SymbolID": 0, "AltMode": 0, "Base": 0.0, "Clamped": -1, "Extruded": 0, "Snippet": null, "PopupInfo": "<p><a href=\"https://wetlandinfo.des.qld.gov.au/wetlands/facts-maps/bioregion-wet-tropics-wet/\" target=\"_blank\">View wetland summary information</a></p>", "Shape_Leng": 0.14506350501000001, "Shape_Area": 0.00064841205 }, "geometry": { "type": "MultiPolygon", "coordinates": [ [ [ [ 146.13357, -17.93543, 0.0 ], [ 146.14321, -17.93414, 0.0 ], [ 146.14227, -17.93003, 0.0 ], [ 146.14523, -17.92729, 0.0 ], [ 146.14669, -17.92626, 0.0 ], [ 146.15282, -17.92742, 0.0 ], [ 146.15641, -17.93536, 0.0 ], [ 146.16406, -17.93837, 0.0 ], [ 146.16468, -17.94095, 0.0 ], [ 146.1681, -17.94389, 0.0 ], [ 146.17457, -17.94657, 0.0 ], [ 146.17649, -17.95084, 0.0 ], [ 146.17364, -17.95527, 0.0 ], [ 146.17535, -17.95739, 0.0 ], [ 146.17439, -17.96154, 0.0 ], [ 146.179080000000113, -17.96703, 0.0 ], [ 146.17846, -17.96882, 0.0 ], [ 146.172640000000115, -17.96747, 0.0 ], [ 146.17244, -17.96477, 0.0 ], [ 146.17038, -17.9639, 0.0 ], [ 146.17108, -17.96136, 0.0 ], [ 146.16393, -17.95369, 0.0 ], [ 146.151250000000118, -17.95282, 0.0 ], [ 146.1411, -17.93998, 0.0 ], [ 146.13357, -17.93543, 0.0 ] ] ] ] } },
{ "type": "Feature", "properties": { "Name": "Wet Tropics (WET)", "FolderPath": "Wet Tropics (WET) bioregion", "SymbolID": 0, "AltMode": 0, "Base": 0.0, "Clamped": -1, "Extruded": 0, "Snippet": null, "PopupInfo": "<p><a href=\"https://wetlandinfo.des.qld.gov.au/wetlands/facts-maps/bioregion-wet-tropics-wet/\" target=\"_blank\">View wetland summary information</a></p>", "Shape_Leng": 0.00554996043, "Shape_Area": 1.7851e-06 }, "geometry": { "type": "MultiPolygon", "coordinates": [ [ [ [ 146.136260000000107, -17.925, 0.0 ], [ 146.13717, -17.92368, 0.0 ], [ 146.13782, -17.92441, 0.0 ], [ 146.13751, -17.92584, 0.0 ], [ 146.136260000000107, -17.925, 0.0 ] ] ] ] } },
{ "type": "Feature", "properties": { "Name": "Wet Tropics (WET)", "FolderPath": "Wet Tropics (WET) bioregion", "SymbolID": 0, "AltMode": 0, "Base": 0.0, "Clamped": -1, "Extruded": 0, "Snippet": null, "PopupInfo": "<p><a href=\"https://wetlandinfo.des.qld.gov.au/wetlands/facts-maps/bioregion-wet-tropics-wet/\" target=\"_blank\">View wetland summary information</a></p>", "Shape_Leng": 0.00403817429, "Shape_Area": 8.45e-07 }, "geometry": { "type": "MultiPolygon", "coordinates": [ [ [ [ 146.13929, -17.97843, 0.0 ], [ 146.140040000000113, -17.97809, 0.0 ], [ 146.141030000000114, -17.97847, 0.0 ], [ 146.14042, -17.97907, 0.0 ], [ 146.13929, -17.97843, 0.0 ] ] ] ] } },
{ "type": "Feature", "properties": { "Name": "Wet Tropics (WET)", "FolderPath": "Wet Tropics (WET) bioregion", "SymbolID": 0, "AltMode": 0, "Base": 0.0, "Clamped": -1, "Extruded": 0, "Snippet": null, "PopupInfo": "<p><a href=\"https://wetlandinfo.des.qld.gov.au/wetlands/facts-maps/bioregion-wet-tropics-wet/\" target=\"_blank\">View wetland summary information</a></p>", "Shape_Leng": 0.0111983844, "Shape_Area": 6.2932e-06 }, "geometry": { "type": "MultiPolygon", "coordinates": [ [ [ [ 146.13966, -17.95585, 0.0 ], [ 146.14232, -17.95309, 0.0 ], [ 146.14356, -17.95311, 0.0 ], [ 146.142430000000104, -17.95624, 0.0 ], [ 146.13966, -17.95585, 0.0 ] ] ] ] } },
{ "type": "Feature", "properties": { "Name": "Wet Tropics (WET)", "FolderPath": "Wet Tropics (WET) bioregion", "SymbolID": 0, "AltMode": 0, "Base": 0.0, "Clamped": -1, "Extruded": 0, "Snippet": null, "PopupInfo": "<p><a href=\"https://wetlandinfo.des.qld.gov.au/wetlands/facts-maps/bioregion-wet-tropics-wet/\" target=\"_blank\">View wetland summary information</a></p>", "Shape_Leng": 0.04543575164, "Shape_Area": 8.38298e-05 }, "geometry": { "type": "MultiPolygon", "coordinates": [ [ [ [ 146.14146, -18.00386, 0.0 ], [ 146.14224, -18.00132, 0.0 ], [ 146.14681, -17.99972, 0.0 ], [ 146.14694, -17.99772, 0.0 ], [ 146.15191, -17.99846, 0.0 ], [ 146.15304, -17.99983, 0.0 ], [ 146.150940000000105, -18.00144, 0.0 ], [ 146.15126, -18.00611, 0.0 ], [ 146.154540000000111, -18.00721, 0.0 ], [ 146.154810000000111, -18.00975, 0.0 ], [ 146.15276, -18.0084, 0.0 ], [ 146.149720000000116, -18.00961, 0.0 ], [ 146.14146, -18.00386, 0.0 ] ] ] ] } },
{ "type": "Feature", "properties": { "Name": "Wet Tropics (WET)", "FolderPath": "Wet Tropics (WET) bioregion", "SymbolID": 0, "AltMode": 0, "Base": 0.0, "Clamped": -1, "Extruded": 0, "Snippet": null, "PopupInfo": "<p><a href=\"https://wetlandinfo.des.qld.gov.au/wetlands/facts-maps/bioregion-wet-tropics-wet/\" target=\"_blank\">View wetland summary information</a></p>", "Shape_Leng": 0.00322732567, "Shape_Area": 4.851e-07 }, "geometry": { "type": "MultiPolygon", "coordinates": [ [ [ [ 146.14208, -17.95041, 0.0 ], [ 146.14273, -17.95001, 0.0 ], [ 146.142740000000117, -17.95119, 0.0 ], [ 146.14262, -17.95135, 0.0 ], [ 146.14208, -17.95041, 0.0 ] ] ] ] } },
{ "type": "Feature", "properties": { "Name": "Wet Tropics (WET)", "FolderPath": "Wet Tropics (WET) bioregion", "SymbolID": 0, "AltMode": 0, "Base": 0.0, "Clamped": -1, "Extruded": 0, "Snippet": null, "PopupInfo": "<p><a href=\"https://wetlandinfo.des.qld.gov.au/wetlands/facts-maps/bioregion-wet-tropics-wet/\" target=\"_blank\">View wetland summary information</a></p>", "Shape_Leng": 0.01198592189, "Shape_Area": 7.7244e-06 }, "geometry": { "type": "MultiPolygon", "coordinates": [ [ [ [ 146.14262, -18.18436, 0.0 ], [ 146.1442, -18.18193, 0.0 ], [ 146.14588, -18.18271, 0.0 ], [ 146.14402, -18.18676, 0.0 ], [ 146.14262, -18.18436, 0.0 ] ] ] ] } },
{ "type": "Feature", "properties": { "Name": "Wet Tropics (WET)", "FolderPath": "Wet Tropics (WET) bioregion", "SymbolID": 0, "AltMode": 0, "Base": 0.0, "Clamped": -1, "Extruded": 0, "Snippet": null, "PopupInfo": "<p><a href=\"https://wetlandinfo.des.qld.gov.au/wetlands/facts-maps/bioregion-wet-tropics-wet/\" target=\"_blank\">View wetland summary information</a></p>", "Shape_Leng": 0.11726684819, "Shape_Area": 0.0007105087 }, "geometry": { "type": "MultiPolygon", "coordinates": [ [ [ [ 146.15304, -18.17552, 0.0 ], [ 146.15851, -18.17012, 0.0 ], [ 146.15713, -18.16184, 0.0 ], [ 146.16047, -18.15652, 0.0 ], [ 146.15973, -18.15306, 0.0 ], [ 146.160750000000121, -18.15166, 0.0 ], [ 146.16781, -18.15062, 0.0 ], [ 146.172240000000102, -18.15095, 0.0 ], [ 146.17328, -18.15457, 0.0 ], [ 146.17874, -18.15492, 0.0 ], [ 146.18328, -18.15711, 0.0 ], [ 146.18349000000012, -18.16125, 0.0 ], [ 146.18794, -18.16379, 0.0 ], [ 146.18828, -18.16636, 0.0 ], [ 146.19195, -18.16624, 0.0 ], [ 146.18374, -18.17501, 0.0 ], [ 146.18005, -18.17591, 0.0 ], [ 146.17553, -18.18104, 0.0 ], [ 146.170390000000111, -18.17803, 0.0 ], [ 146.16153, -18.18049, 0.0 ], [ 146.156160000000114, -18.17551, 0.0 ], [ 146.15304, -18.17552, 0.0 ] ] ] ] } },
{ "type": "Feature", "properties": { "Name": "Wet Tropics (WET)", "FolderPath": "Wet Tropics (WET) bioregion", "SymbolID": 0, "AltMode": 0, "Base": 0.0, "Clamped": -1, "Extruded": 0, "Snippet": null, "PopupInfo": "<p><a href=\"https://wetlandinfo.des.qld.gov.au/wetlands/facts-maps/bioregion-wet-tropics-wet/\" target=\"_blank\">View wetland summary information</a></p>", "Shape_Leng": 0.01748342618, "Shape_Area": 9.80205e-06 }, "geometry": { "type": "MultiPolygon", "coordinates": [ [ [ [ 146.15591, -17.73801, 0.0 ], [ 146.15919, -17.73657, 0.0 ], [ 146.16428, -17.73813, 0.0 ], [ 146.15834, -17.7389, 0.0 ], [ 146.15591, -17.73801, 0.0 ] ] ] ] } },
{ "type": "Feature", "properties": { "Name": "Wet Tropics (WET)", "FolderPath": "Wet Tropics (WET) bioregion", "SymbolID": 0, "AltMode": 0, "Base": 0.0, "Clamped": -1, "Extruded": 0, "Snippet": null, "PopupInfo": "<p><a href=\"https://wetlandinfo.des.qld.gov.au/wetlands/facts-maps/bioregion-wet-tropics-wet/\" target=\"_blank\">View wetland summary information</a></p>", "Shape_Leng": 0.01444959995, "Shape_Area": 2.62515e-06 }, "geometry": { "type": "MultiPolygon", "coordinates": [ [ [ [ 146.15737, -17.65201, 0.0 ], [ 146.16055, -17.65519, 0.0 ], [ 146.16114, -17.65677, 0.0 ], [ 146.16153, -17.65782, 0.0 ], [ 146.15737, -17.65201, 0.0 ] ] ] ] } },
{ "type": "Feature", "properties": { "Name": "Wet Tropics (WET)", "FolderPath": "Wet Tropics (WET) bioregion", "SymbolID": 0, "AltMode": 0, "Base": 0.0, "Clamped": -1, "Extruded": 0, "Snippet": null, "PopupInfo": "<p><a href=\"https://wetlandinfo.des.qld.gov.au/wetlands/facts-maps/bioregion-wet-tropics-wet/\" target=\"_blank\">View wetland summary information</a></p>", "Shape_Leng": 0.00243934147, "Shape_Area": 2.293e-07 }, "geometry": { "type": "MultiPolygon", "coordinates": [ [ [ [ 146.157420000000116, -18.0082, 0.0 ], [ 146.15753, -18.00771, 0.0 ], [ 146.158320000000117, -18.00836, 0.0 ], [ 146.157420000000116, -18.0082, 0.0 ] ] ] ] } },
{ "type": "Feature", "properties": { "Name": "Wet Tropics (WET)", "FolderPath": "Wet Tropics (WET) bioregion", "SymbolID": 0, "AltMode": 0, "Base": 0.0, "Clamped": -1, "Extruded": 0, "Snippet": null, "PopupInfo": "<p><a href=\"https://wetlandinfo.des.qld.gov.au/wetlands/facts-maps/bioregion-wet-tropics-wet/\" target=\"_blank\">View wetland summary information</a></p>", "Shape_Leng": 0.00772285464, "Shape_Area": 3.33765e-06 }, "geometry": { "type": "MultiPolygon", "coordinates": [ [ [ [ 146.15994000000012, -17.7465, 0.0 ], [ 146.16115, -17.74415, 0.0 ], [ 146.16257, -17.74492, 0.0 ], [ 146.16133, -17.74658, 0.0 ], [ 146.15994000000012, -17.7465, 0.0 ] ] ] ] } },
{ "type": "Feature", "properties": { "Name": "Wet Tropics (WET)", "FolderPath": "Wet Tropics (WET) bioregion", "SymbolID": 0, "AltMode": 0, "Base": 0.0, "Clamped": -1, "Extruded": 0, "Snippet": null, "PopupInfo": "<p><a href=\"https://wetlandinfo.des.qld.gov.au/wetlands/facts-maps/bioregion-wet-tropics-wet/\" target=\"_blank\">View wetland summary information</a></p>", "Shape_Leng": 0.0032038747, "Shape_Area": 6.1e-07 }, "geometry": { "type": "MultiPolygon", "coordinates": [ [ [ [ 146.16263, -17.74648, 0.0 ], [ 146.162960000000112, -17.74552, 0.0 ], [ 146.163680000000113, -17.74593, 0.0 ], [ 146.16325, -17.74653, 0.0 ], [ 146.16263, -17.74648, 0.0 ] ] ] ] } },
{ "type": "Feature", "properties": { "Name": "Wet Tropics (WET)", "FolderPath": "Wet Tropics (WET) bioregion", "SymbolID": 0, "AltMode": 0, "Base": 0.0, "Clamped": -1, "Extruded": 0, "Snippet": null, "PopupInfo": "<p><a href=\"https://wetlandinfo.des.qld.gov.au/wetlands/facts-maps/bioregion-wet-tropics-wet/\" target=\"_blank\">View wetland summary information</a></p>", "Shape_Leng": 0.01699532627, "Shape_Area": 1.92836e-05 }, "geometry": { "type": "MultiPolygon", "coordinates": [ [ [ [ 146.16401, -18.02699, 0.0 ], [ 146.164940000000115, -18.02395, 0.0 ], [ 146.16862, -18.0244, 0.0 ], [ 146.169, -18.02874, 0.0 ], [ 146.16633, -18.029, 0.0 ], [ 146.16401, -18.02699, 0.0 ] ] ] ] } },
{ "type": "Feature", "properties": { "Name": "Wet Tropics (WET)", "FolderPath": "Wet Tropics (WET) bioregion", "SymbolID": 0, "AltMode": 0, "Base": 0.0, "Clamped": -1, "Extruded": 0, "Snippet": null, "PopupInfo": "<p><a href=\"https://wetlandinfo.des.qld.gov.au/wetlands/facts-maps/bioregion-wet-tropics-wet/\" target=\"_blank\">View wetland summary information</a></p>", "Shape_Leng": 0.01133153412, "Shape_Area": 6.82585e-06 }, "geometry": { "type": "MultiPolygon", "coordinates": [ [ [ [ 146.16791000000012, -17.67245, 0.0 ], [ 146.17081, -17.67313, 0.0 ], [ 146.171880000000101, -17.67533, 0.0 ], [ 146.16862, -17.67498, 0.0 ], [ 146.16791000000012, -17.67245, 0.0 ] ] ] ] } },
{ "type": "Feature", "properties": { "Name": "Wet Tropics (WET)", "FolderPath": "Wet Tropics (WET) bioregion", "SymbolID": 0, "AltMode": 0, "Base": 0.0, "Clamped": -1, "Extruded": 0, "Snippet": null, "PopupInfo": "<p><a href=\"https://wetlandinfo.des.qld.gov.au/wetlands/facts-maps/bioregion-wet-tropics-wet/\" target=\"_blank\">View wetland summary information</a></p>", "Shape_Leng": 0.00346084747, "Shape_Area": 6.6115e-07 }, "geometry": { "type": "MultiPolygon", "coordinates": [ [ [ [ 146.16843, -17.66682, 0.0 ], [ 146.16934, -17.66661, 0.0 ], [ 146.16951, -17.66767, 0.0 ], [ 146.16875, -17.66737, 0.0 ], [ 146.16843, -17.66682, 0.0 ] ] ] ] } },
{ "type": "Feature", "properties": { "Name": "Wet Tropics (WET)", "FolderPath": "Wet Tropics (WET) bioregion", "SymbolID": 0, "AltMode": 0, "Base": 0.0, "Clamped": -1, "Extruded": 0, "Snippet": null, "PopupInfo": "<p><a href=\"https://wetlandinfo.des.qld.gov.au/wetlands/facts-maps/bioregion-wet-tropics-wet/\" target=\"_blank\">View wetland summary information</a></p>", "Shape_Leng": 0.02430373271, "Shape_Area": 3.453115e-05 }, "geometry": { "type": "MultiPolygon", "coordinates": [ [ [ [ 146.1719, -18.03933, 0.0 ], [ 146.176780000000122, -18.03707, 0.0 ], [ 146.18092, -18.03812, 0.0 ], [ 146.181870000000117, -18.04127, 0.0 ], [ 146.18055, -18.04262, 0.0 ], [ 146.17721, -18.04239, 0.0 ], [ 146.1719, -18.03933, 0.0 ] ] ] ] } },
{ "type": "Feature", "properties": { "Name": "Wet Tropics (WET)", "FolderPath": "Wet Tropics (WET) bioregion", "SymbolID": 0, "AltMode": 0, "Base": 0.0, "Clamped": -1, "Extruded": 0, "Snippet": null, "PopupInfo": "<p><a href=\"https://wetlandinfo.des.qld.gov.au/wetlands/facts-maps/bioregion-wet-tropics-wet/\" target=\"_blank\">View wetland summary information</a></p>", "Shape_Leng": 0.00739509505, "Shape_Area": 2.7693e-06 }, "geometry": { "type": "MultiPolygon", "coordinates": [ [ [ [ 146.17326, -17.67293, 0.0 ], [ 146.1734, -17.67211, 0.0 ], [ 146.17479, -17.67191, 0.0 ], [ 146.17526, -17.67449, 0.0 ], [ 146.17326, -17.67293, 0.0 ] ] ] ] } },
{ "type": "Feature", "properties": { "Name": "Wet Tropics (WET)", "FolderPath": "Wet Tropics (WET) bioregion", "SymbolID": 0, "AltMode": 0, "Base": 0.0, "Clamped": -1, "Extruded": 0, "Snippet": null, "PopupInfo": "<p><a href=\"https://wetlandinfo.des.qld.gov.au/wetlands/facts-maps/bioregion-wet-tropics-wet/\" target=\"_blank\">View wetland summary information</a></p>", "Shape_Leng": 0.01515381134, "Shape_Area": 1.29265e-05 }, "geometry": { "type": "MultiPolygon", "coordinates": [ [ [ [ 146.17694, -17.67512, 0.0 ], [ 146.18062, -17.67402, 0.0 ], [ 146.183040000000119, -17.67656, 0.0 ], [ 146.18067, -17.67827, 0.0 ], [ 146.17694, -17.67512, 0.0 ] ] ] ] } },
{ "type": "Feature", "properties": { "Name": "Wet Tropics (WET)", "FolderPath": "Wet Tropics (WET) bioregion", "SymbolID": 0, "AltMode": 0, "Base": 0.0, "Clamped": -1, "Extruded": 0, "Snippet": null, "PopupInfo": "<p><a href=\"https://wetlandinfo.des.qld.gov.au/wetlands/facts-maps/bioregion-wet-tropics-wet/\" target=\"_blank\">View wetland summary information</a></p>", "Shape_Leng": 0.0062695014, "Shape_Area": 2.35725e-06 }, "geometry": { "type": "MultiPolygon", "coordinates": [ [ [ [ 146.179850000000101, -17.96906, 0.0 ], [ 146.180430000000115, -17.96751, 0.0 ], [ 146.181600000000117, -17.9677, 0.0 ], [ 146.18113, -17.96966, 0.0 ], [ 146.179850000000101, -17.96906, 0.0 ] ] ] ] } },
{ "type": "Feature", "properties": { "Name": "Wet Tropics (WET)", "FolderPath": "Wet Tropics (WET) bioregion", "SymbolID": 0, "AltMode": 0, "Base": 0.0, "Clamped": -1, "Extruded": 0, "Snippet": null, "PopupInfo": "<p><a href=\"https://wetlandinfo.des.qld.gov.au/wetlands/facts-maps/bioregion-wet-tropics-wet/\" target=\"_blank\">View wetland summary information</a></p>", "Shape_Leng": 0.01191880301, "Shape_Area": 4.1782e-06 }, "geometry": { "type": "MultiPolygon", "coordinates": [ [ [ [ 146.19352, -18.16848, 0.0 ], [ 146.19404, -18.16598, 0.0 ], [ 146.194840000000113, -18.16666, 0.0 ], [ 146.19816, -18.16663, 0.0 ], [ 146.19352, -18.16848, 0.0 ] ] ] ] } },
{ "type": "Feature", "properties": { "Name": "Wet Tropics (WET)", "FolderPath": "Wet Tropics (WET) bioregion", "SymbolID": 0, "AltMode": 0, "Base": 0.0, "Clamped": -1, "Extruded": 0, "Snippet": null, "PopupInfo": "<p><a href=\"https://wetlandinfo.des.qld.gov.au/wetlands/facts-maps/bioregion-wet-tropics-wet/\" target=\"_blank\">View wetland summary information</a></p>", "Shape_Leng": 0.00785231895, "Shape_Area": 3.2962e-06 }, "geometry": { "type": "MultiPolygon", "coordinates": [ [ [ [ 146.19603, -18.04225, 0.0 ], [ 146.19796, -18.04139, 0.0 ], [ 146.19801, -18.04416, 0.0 ], [ 146.19738, -18.04416, 0.0 ], [ 146.19603, -18.04225, 0.0 ] ] ] ] } },
{ "type": "Feature", "properties": { "Name": "Wet Tropics (WET)", "FolderPath": "Wet Tropics (WET) bioregion", "SymbolID": 0, "AltMode": 0, "Base": 0.0, "Clamped": -1, "Extruded": 0, "Snippet": null, "PopupInfo": "<p><a href=\"https://wetlandinfo.des.qld.gov.au/wetlands/facts-maps/bioregion-wet-tropics-wet/\" target=\"_blank\">View wetland summary information</a></p>", "Shape_Leng": 0.00806727854, "Shape_Area": 3.7418e-06 }, "geometry": { "type": "MultiPolygon", "coordinates": [ [ [ [ 146.198710000000119, -18.03825, 0.0 ], [ 146.198710000000119, -18.03695, 0.0 ], [ 146.20121, -18.03728, 0.0 ], [ 146.20109, -18.03902, 0.0 ], [ 146.198710000000119, -18.03825, 0.0 ] ] ] ] } },
{ "type": "Feature", "properties": { "Name": "Wet Tropics (WET)", "FolderPath": "Wet Tropics (WET) bioregion", "SymbolID": 0, "AltMode": 0, "Base": 0.0, "Clamped": -1, "Extruded": 0, "Snippet": null, "PopupInfo": "<p><a href=\"https://wetlandinfo.des.qld.gov.au/wetlands/facts-maps/bioregion-wet-tropics-wet/\" target=\"_blank\">View wetland summary information</a></p>", "Shape_Leng": 0.01395812278, "Shape_Area": 9.1202e-06 }, "geometry": { "type": "MultiPolygon", "coordinates": [ [ [ [ 146.19958, -18.04758, 0.0 ], [ 146.20387, -18.05085, 0.0 ], [ 146.2033, -18.05242, 0.0 ], [ 146.199840000000108, -18.05051, 0.0 ], [ 146.19958, -18.04758, 0.0 ] ] ] ] } },
{ "type": "Feature", "properties": { "Name": "Wet Tropics (WET)", "FolderPath": "Wet Tropics (WET) bioregion", "SymbolID": 0, "AltMode": 0, "Base": 0.0, "Clamped": -1, "Extruded": 0, "Snippet": null, "PopupInfo": "<p><a href=\"https://wetlandinfo.des.qld.gov.au/wetlands/facts-maps/bioregion-wet-tropics-wet/\" target=\"_blank\">View wetland summary information</a></p>", "Shape_Leng": 0.00640387475, "Shape_Area": 2.3164e-06 }, "geometry": { "type": "MultiPolygon", "coordinates": [ [ [ [ 146.21668000000011, -18.47131, 0.0 ], [ 146.2169, -18.47024, 0.0 ], [ 146.21854, -18.47117, 0.0 ], [ 146.21784, -18.47266, 0.0 ], [ 146.21668000000011, -18.47131, 0.0 ] ] ] ] } },
{ "type": "Feature", "properties": { "Name": "Wet Tropics (WET)", "FolderPath": "Wet Tropics (WET) bioregion", "SymbolID": 0, "AltMode": 0, "Base": 0.0, "Clamped": -1, "Extruded": 0, "Snippet": null, "PopupInfo": "<p><a href=\"https://wetlandinfo.des.qld.gov.au/wetlands/facts-maps/bioregion-wet-tropics-wet/\" target=\"_blank\">View wetland summary information</a></p>", "Shape_Leng": 0.02848438819, "Shape_Area": 4.10873e-05 }, "geometry": { "type": "MultiPolygon", "coordinates": [ [ [ [ 146.27742000000012, -18.13921, 0.0 ], [ 146.28109, -18.13574, 0.0 ], [ 146.28271, -18.13585, 0.0 ], [ 146.28703, -18.14205, 0.0 ], [ 146.2848, -18.14502, 0.0 ], [ 146.283010000000104, -18.1447, 0.0 ], [ 146.28255, -18.14173, 0.0 ], [ 146.27742000000012, -18.13921, 0.0 ] ] ] ] } },
{ "type": "Feature", "properties": { "Name": "Wet Tropics (WET)", "FolderPath": "Wet Tropics (WET) bioregion", "SymbolID": 0, "AltMode": 0, "Base": 0.0, "Clamped": -1, "Extruded": 0, "Snippet": null, "PopupInfo": "<p><a href=\"https://wetlandinfo.des.qld.gov.au/wetlands/facts-maps/bioregion-wet-tropics-wet/\" target=\"_blank\">View wetland summary information</a></p>", "Shape_Leng": 0.00462222403, "Shape_Area": 9.8645e-07 }, "geometry": { "type": "MultiPolygon", "coordinates": [ [ [ [ 146.28672, -18.14711, 0.0 ], [ 146.2868, -18.14595, 0.0 ], [ 146.28741, -18.1464, 0.0 ], [ 146.28781, -18.14777, 0.0 ], [ 146.28672, -18.14711, 0.0 ] ] ] ] } },
{ "type": "Feature", "properties": { "Name": "Wet Tropics (WET)", "FolderPath": "Wet Tropics (WET) bioregion", "SymbolID": 0, "AltMode": 0, "Base": 0.0, "Clamped": -1, "Extruded": 0, "Snippet": null, "PopupInfo": "<p><a href=\"https://wetlandinfo.des.qld.gov.au/wetlands/facts-maps/bioregion-wet-tropics-wet/\" target=\"_blank\">View wetland summary information</a></p>", "Shape_Leng": 0.01022991728, "Shape_Area": 1.6878e-06 }, "geometry": { "type": "MultiPolygon", "coordinates": [ [ [ [ 146.28863, -18.14845, 0.0 ], [ 146.290660000000116, -18.1494, 0.0 ], [ 146.29325, -18.14998, 0.0 ], [ 146.28942, -18.14972, 0.0 ], [ 146.28863, -18.14845, 0.0 ] ] ] ] } },
{ "type": "Feature", "properties": { "Name": "Wet Tropics (WET)", "FolderPath": "Wet Tropics (WET) bioregion", "SymbolID": 0, "AltMode": 0, "Base": 0.0, "Clamped": -1, "Extruded": 0, "Snippet": null, "PopupInfo": "<p><a href=\"https://wetlandinfo.des.qld.gov.au/wetlands/facts-maps/bioregion-wet-tropics-wet/\" target=\"_blank\">View wetland summary information</a></p>", "Shape_Leng": 0.00384020848, "Shape_Area": 6.48e-07 }, "geometry": { "type": "MultiPolygon", "coordinates": [ [ [ [ 146.297420000000102, -18.15136, 0.0 ], [ 146.298090000000116, -18.15128, 0.0 ], [ 146.298950000000104, -18.15223, 0.0 ], [ 146.29806, -18.15211, 0.0 ], [ 146.297420000000102, -18.15136, 0.0 ] ] ] ] } },
{ "type": "Feature", "properties": { "Name": "Wet Tropics (WET)", "FolderPath": "Wet Tropics (WET) bioregion", "SymbolID": 0, "AltMode": 0, "Base": 0.0, "Clamped": -1, "Extruded": 0, "Snippet": null, "PopupInfo": "<p><a href=\"https://wetlandinfo.des.qld.gov.au/wetlands/facts-maps/bioregion-wet-tropics-wet/\" target=\"_blank\">View wetland summary information</a></p>", "Shape_Leng": 0.01283216446, "Shape_Area": 9.7223e-06 }, "geometry": { "type": "MultiPolygon", "coordinates": [ [ [ [ 146.30179, -18.15624, 0.0 ], [ 146.30333, -18.15537, 0.0 ], [ 146.30623, -18.15614, 0.0 ], [ 146.30657, -18.15846, 0.0 ], [ 146.30474, -18.15874, 0.0 ], [ 146.30179, -18.15624, 0.0 ] ] ] ] } },
{ "type": "Feature", "properties": { "Name": "Wet Tropics (WET)", "FolderPath": "Wet Tropics (WET) bioregion", "SymbolID": 0, "AltMode": 0, "Base": 0.0, "Clamped": -1, "Extruded": 0, "Snippet": null, "PopupInfo": "<p><a href=\"https://wetlandinfo.des.qld.gov.au/wetlands/facts-maps/bioregion-wet-tropics-wet/\" target=\"_blank\">View wetland summary information</a></p>", "Shape_Leng": 0.00115790291, "Shape_Area": 7.2e-08 }, "geometry": { "type": "MultiPolygon", "coordinates": [ [ [ [ 146.31737, -18.35235, 0.0 ], [ 146.31765, -18.35227, 0.0 ], [ 146.31772, -18.35264, 0.0 ], [ 146.3176, -18.35264, 0.0 ], [ 146.31737, -18.35235, 0.0 ] ] ] ] } },
{ "type": "Feature", "properties": { "Name": "Wet Tropics (WET)", "FolderPath": "Wet Tropics (WET) bioregion", "SymbolID": 0, "AltMode": 0, "Base": 0.0, "Clamped": -1, "Extruded": 0, "Snippet": null, "PopupInfo": "<p><a href=\"https://wetlandinfo.des.qld.gov.au/wetlands/facts-maps/bioregion-wet-tropics-wet/\" target=\"_blank\">View wetland summary information</a></p>", "Shape_Leng": 0.00570973429, "Shape_Area": 1.61375e-06 }, "geometry": { "type": "MultiPolygon", "coordinates": [ [ [ [ 146.32437, -18.23542, 0.0 ], [ 146.32595, -18.23482, 0.0 ], [ 146.32681, -18.23591, 0.0 ], [ 146.32504, -18.23596, 0.0 ], [ 146.32437, -18.23542, 0.0 ] ] ] ] } },
{ "type": "Feature", "properties": { "Name": "Wet Tropics (WET)", "FolderPath": "Wet Tropics (WET) bioregion", "SymbolID": 0, "AltMode": 0, "Base": 0.0, "Clamped": -1, "Extruded": 0, "Snippet": null, "PopupInfo": "<p><a href=\"https://wetlandinfo.des.qld.gov.au/wetlands/facts-maps/bioregion-wet-tropics-wet/\" target=\"_blank\">View wetland summary information</a></p>", "Shape_Leng": 0.01145797798, "Shape_Area": 7.2775e-06 }, "geometry": { "type": "MultiPolygon", "coordinates": [ [ [ [ 146.32577, -18.35499, 0.0 ], [ 146.32731, -18.35353, 0.0 ], [ 146.33049, -18.3556, 0.0 ], [ 146.32821, -18.35673, 0.0 ], [ 146.32577, -18.35499, 0.0 ] ] ] ] } },
{ "type": "Feature", "properties": { "Name": "Wet Tropics (WET)", "FolderPath": "Wet Tropics (WET) bioregion", "SymbolID": 0, "AltMode": 0, "Base": 0.0, "Clamped": -1, "Extruded": 0, "Snippet": null, "PopupInfo": "<p><a href=\"https://wetlandinfo.des.qld.gov.au/wetlands/facts-maps/bioregion-wet-tropics-wet/\" target=\"_blank\">View wetland summary information</a></p>", "Shape_Leng": 0.00195670944, "Shape_Area": 2.34e-07 }, "geometry": { "type": "MultiPolygon", "coordinates": [ [ [ [ 146.35209, -18.42487, 0.0 ], [ 146.35259, -18.42477, 0.0 ], [ 146.35254, -18.42532, 0.0 ], [ 146.35214, -18.42536, 0.0 ], [ 146.35209, -18.42487, 0.0 ] ] ] ] } },
{ "type": "Feature", "properties": { "Name": "Wet Tropics (WET)", "FolderPath": "Wet Tropics (WET) bioregion", "SymbolID": 0, "AltMode": 0, "Base": 0.0, "Clamped": -1, "Extruded": 0, "Snippet": null, "PopupInfo": "<p><a href=\"https://wetlandinfo.des.qld.gov.au/wetlands/facts-maps/bioregion-wet-tropics-wet/\" target=\"_blank\">View wetland summary information</a></p>", "Shape_Leng": 0.00927924793, "Shape_Area": 3.54125e-06 }, "geometry": { "type": "MultiPolygon", "coordinates": [ [ [ [ 146.42807, -18.81362, 0.0 ], [ 146.42938, -18.8127, 0.0 ], [ 146.43207, -18.81287, 0.0 ], [ 146.43189, -18.814, 0.0 ], [ 146.42807, -18.81362, 0.0 ] ] ] ] } },
{ "type": "Feature", "properties": { "Name": "Wet Tropics (WET)", "FolderPath": "Wet Tropics (WET) bioregion", "SymbolID": 0, "AltMode": 0, "Base": 0.0, "Clamped": -1, "Extruded": 0, "Snippet": null, "PopupInfo": "<p><a href=\"https://wetlandinfo.des.qld.gov.au/wetlands/facts-maps/bioregion-wet-tropics-wet/\" target=\"_blank\">View wetland summary information</a></p>", "Shape_Leng": 0.27408633903000001, "Shape_Area": 0.00116894145 }, "geometry": { "type": "MultiPolygon", "coordinates": [ [ [ [ 146.47975, -18.58206, 0.0 ], [ 146.48454, -18.57643, 0.0 ], [ 146.48212, -18.56813, 0.0 ], [ 146.483430000000112, -18.56667, 0.0 ], [ 146.49151, -18.57214, 0.0 ], [ 146.49616, -18.5812, 0.0 ], [ 146.49692, -18.59204, 0.0 ], [ 146.50429, -18.59946, 0.0 ], [ 146.50465, -18.60093, 0.0 ], [ 146.502480000000105, -18.60209, 0.0 ], [ 146.5031, -18.60496, 0.0 ], [ 146.50083, -18.60626, 0.0 ], [ 146.49992, -18.60778, 0.0 ], [ 146.4997, -18.61211, 0.0 ], [ 146.508200000000102, -18.62282, 0.0 ], [ 146.50791, -18.62634, 0.0 ], [ 146.50371, -18.62857, 0.0 ], [ 146.50683, -18.63822, 0.0 ], [ 146.50373, -18.63968, 0.0 ], [ 146.50489, -18.64319, 0.0 ], [ 146.50241, -18.64942, 0.0 ], [ 146.50366, -18.6555, 0.0 ], [ 146.49971, -18.65973, 0.0 ], [ 146.49256, -18.66287, 0.0 ], [ 146.492300000000114, -18.66354, 0.0 ], [ 146.49237, -18.66626, 0.0 ], [ 146.48773, -18.66651, 0.0 ], [ 146.487, -18.66461, 0.0 ], [ 146.48929, -18.65952, 0.0 ], [ 146.48811000000012, -18.65317, 0.0 ], [ 146.485730000000103, -18.65013, 0.0 ], [ 146.4903, -18.65024, 0.0 ], [ 146.491670000000113, -18.64787, 0.0 ], [ 146.49088, -18.64385, 0.0 ], [ 146.49452, -18.64072, 0.0 ], [ 146.497250000000122, -18.64051, 0.0 ], [ 146.49922, -18.63216, 0.0 ], [ 146.49332, -18.62721, 0.0 ], [ 146.49093, -18.62225, 0.0 ], [ 146.48804, -18.62167, 0.0 ], [ 146.48311, -18.61488, 0.0 ], [ 146.48284, -18.61205, 0.0 ], [ 146.487440000000106, -18.61342, 0.0 ], [ 146.4904, -18.61153, 0.0 ], [ 146.48822, -18.60198, 0.0 ], [ 146.49364, -18.59815, 0.0 ], [ 146.49308, -18.59459, 0.0 ], [ 146.48938, -18.5926, 0.0 ], [ 146.4875, -18.59416, 0.0 ], [ 146.485, -18.59379, 0.0 ], [ 146.48216, -18.59079, 0.0 ], [ 146.48324, -18.58749, 0.0 ], [ 146.481490000000122, -18.58743, 0.0 ], [ 146.47975, -18.58206, 0.0 ] ] ] ] } },
{ "type": "Feature", "properties": { "Name": "Wet Tropics (WET)", "FolderPath": "Wet Tropics (WET) bioregion", "SymbolID": 0, "AltMode": 0, "Base": 0.0, "Clamped": -1, "Extruded": 0, "Snippet": null, "PopupInfo": "<p><a href=\"https://wetlandinfo.des.qld.gov.au/wetlands/facts-maps/bioregion-wet-tropics-wet/\" target=\"_blank\">View wetland summary information</a></p>", "Shape_Leng": 0.07008415832000001, "Shape_Area": 0.0003242156 }, "geometry": { "type": "MultiPolygon", "coordinates": [ [ [ [ 146.48714, -18.54591, 0.0 ], [ 146.4892, -18.53946, 0.0 ], [ 146.49553, -18.53773, 0.0 ], [ 146.502210000000105, -18.5428, 0.0 ], [ 146.50476, -18.55422, 0.0 ], [ 146.50046, -18.55971, 0.0 ], [ 146.50034, -18.56273, 0.0 ], [ 146.4984, -18.56319, 0.0 ], [ 146.4921, -18.56149, 0.0 ], [ 146.48738, -18.55692, 0.0 ], [ 146.48905, -18.5515, 0.0 ], [ 146.48714, -18.54591, 0.0 ] ] ] ] } },
{ "type": "Feature", "properties": { "Name": "Wet Tropics (WET)", "FolderPath": "Wet Tropics (WET) bioregion", "SymbolID": 0, "AltMode": 0, "Base": 0.0, "Clamped": -1, "Extruded": 0, "Snippet": null, "PopupInfo": "<p><a href=\"https://wetlandinfo.des.qld.gov.au/wetlands/facts-maps/bioregion-wet-tropics-wet/\" target=\"_blank\">View wetland summary information</a></p>", "Shape_Leng": 0.00045485157, "Shape_Area": 1.26e-08 }, "geometry": { "type": "MultiPolygon", "coordinates": [ [ [ [ 146.492300000000114, -18.66354, 0.0 ], [ 146.492350000000101, -18.66345, 0.0 ], [ 146.492440000000101, -18.66347, 0.0 ], [ 146.49243, -18.66359, 0.0 ], [ 146.492300000000114, -18.66354, 0.0 ] ] ] ] } },
{ "type": "Feature", "properties": { "Name": "Wet Tropics (WET)", "FolderPath": "Wet Tropics (WET) bioregion", "SymbolID": 0, "AltMode": 0, "Base": 0.0, "Clamped": -1, "Extruded": 0, "Snippet": null, "PopupInfo": "<p><a href=\"https://wetlandinfo.des.qld.gov.au/wetlands/facts-maps/bioregion-wet-tropics-wet/\" target=\"_blank\">View wetland summary information</a></p>", "Shape_Leng": 0.00413928253, "Shape_Area": 4.1665e-07 }, "geometry": { "type": "MultiPolygon", "coordinates": [ [ [ [ 146.49237, -18.66367, 0.0 ], [ 146.49304, -18.66531, 0.0 ], [ 146.49291, -18.6656, 0.0 ], [ 146.492390000000114, -18.66453, 0.0 ], [ 146.49237, -18.66367, 0.0 ] ] ] ] } },
{ "type": "Feature", "properties": { "Name": "Wet Tropics (WET)", "FolderPath": "Wet Tropics (WET) bioregion", "SymbolID": 0, "AltMode": 0, "Base": 0.0, "Clamped": -1, "Extruded": 0, "Snippet": null, "PopupInfo": "<p><a href=\"https://wetlandinfo.des.qld.gov.au/wetlands/facts-maps/bioregion-wet-tropics-wet/\" target=\"_blank\">View wetland summary information</a></p>", "Shape_Leng": 0.00053486873, "Shape_Area": 1.07e-08 }, "geometry": { "type": "MultiPolygon", "coordinates": [ [ [ [ 146.49267, -18.59458, 0.0 ], [ 146.4927, -18.59457, 0.0 ], [ 146.49291, -18.59463, 0.0 ], [ 146.492800000000102, -18.59468, 0.0 ], [ 146.49267, -18.59458, 0.0 ] ] ] ] } },
{ "type": "Feature", "properties": { "Name": "Wet Tropics (WET)", "FolderPath": "Wet Tropics (WET) bioregion", "SymbolID": 0, "AltMode": 0, "Base": 0.0, "Clamped": -1, "Extruded": 0, "Snippet": null, "PopupInfo": "<p><a href=\"https://wetlandinfo.des.qld.gov.au/wetlands/facts-maps/bioregion-wet-tropics-wet/\" target=\"_blank\">View wetland summary information</a></p>", "Shape_Leng": 0.00125097696, "Shape_Area": 5.765e-08 }, "geometry": { "type": "MultiPolygon", "coordinates": [ [ [ [ 146.50011, -18.60767, 0.0 ], [ 146.5004, -18.60726, 0.0 ], [ 146.5004, -18.60751, 0.0 ], [ 146.50016, -18.60779, 0.0 ], [ 146.50011, -18.60767, 0.0 ] ] ] ] } },
{ "type": "Feature", "properties": { "Name": "Wet Tropics (WET)", "FolderPath": "Wet Tropics (WET) bioregion", "SymbolID": 0, "AltMode": 0, "Base": 0.0, "Clamped": -1, "Extruded": 0, "Snippet": null, "PopupInfo": "<p><a href=\"https://wetlandinfo.des.qld.gov.au/wetlands/facts-maps/bioregion-wet-tropics-wet/\" target=\"_blank\">View wetland summary information</a></p>", "Shape_Leng": 0.00045300586, "Shape_Area": 1.25e-08 }, "geometry": { "type": "MultiPolygon", "coordinates": [ [ [ [ 146.50047, -18.60701, 0.0 ], [ 146.500540000000115, -18.60694, 0.0 ], [ 146.500630000000115, -18.60703, 0.0 ], [ 146.50057, -18.6071, 0.0 ], [ 146.50047, -18.60701, 0.0 ] ] ] ] } },
{ "type": "Feature", "properties": { "Name": "Wet Tropics (WET)", "FolderPath": "Wet Tropics (WET) bioregion", "SymbolID": 0, "AltMode": 0, "Base": 0.0, "Clamped": -1, "Extruded": 0, "Snippet": null, "PopupInfo": "<p><a href=\"https://wetlandinfo.des.qld.gov.au/wetlands/facts-maps/bioregion-wet-tropics-wet/\" target=\"_blank\">View wetland summary information</a></p>", "Shape_Leng": 0.01625464328, "Shape_Area": 4.1114e-06 }, "geometry": { "type": "MultiPolygon", "coordinates": [ [ [ [ 146.503, -19.09792, 0.0 ], [ 146.50562, -19.0972, 0.0 ], [ 146.508960000000116, -19.0983, 0.0 ], [ 146.51024, -19.1001, 0.0 ], [ 146.50758, -19.09829, 0.0 ], [ 146.503, -19.09792, 0.0 ] ] ] ] } },
{ "type": "Feature", "properties": { "Name": "Wet Tropics (WET)", "FolderPath": "Wet Tropics (WET) bioregion", "SymbolID": 0, "AltMode": 0, "Base": 0.0, "Clamped": -1, "Extruded": 0, "Snippet": null, "PopupInfo": "<p><a href=\"https://wetlandinfo.des.qld.gov.au/wetlands/facts-maps/bioregion-wet-tropics-wet/\" target=\"_blank\">View wetland summary information</a></p>", "Shape_Leng": 0.14775546789, "Shape_Area": 0.0006319001 }, "geometry": { "type": "MultiPolygon", "coordinates": [ [ [ [ 146.50597, -18.66114, 0.0 ], [ 146.50696, -18.65893, 0.0 ], [ 146.51123, -18.66196, 0.0 ], [ 146.51498, -18.66014, 0.0 ], [ 146.52038, -18.66054, 0.0 ], [ 146.52506, -18.66639, 0.0 ], [ 146.52678, -18.67127, 0.0 ], [ 146.52719, -18.67529, 0.0 ], [ 146.52498, -18.67762, 0.0 ], [ 146.526480000000106, -18.682, 0.0 ], [ 146.523240000000101, -18.68607, 0.0 ], [ 146.52516, -18.69253, 0.0 ], [ 146.52474, -18.70354, 0.0 ], [ 146.52228, -18.70554, 0.0 ], [ 146.523330000000101, -18.70914, 0.0 ], [ 146.52139000000011, -18.7147, 0.0 ], [ 146.51843, -18.71409, 0.0 ], [ 146.51804, -18.71123, 0.0 ], [ 146.51367, -18.7085, 0.0 ], [ 146.508470000000102, -18.69997, 0.0 ], [ 146.50862, -18.69664, 0.0 ], [ 146.51674, -18.68435, 0.0 ], [ 146.51875, -18.68373, 0.0 ], [ 146.51241, -18.67363, 0.0 ], [ 146.51175000000012, -18.66679, 0.0 ], [ 146.51302, -18.66656, 0.0 ], [ 146.50597, -18.66114, 0.0 ] ] ] ] } },
{ "type": "Feature", "properties": { "Name": "Wet Tropics (WET)", "FolderPath": "Wet Tropics (WET) bioregion", "SymbolID": 0, "AltMode": 0, "Base": 0.0, "Clamped": -1, "Extruded": 0, "Snippet": null, "PopupInfo": "<p><a href=\"https://wetlandinfo.des.qld.gov.au/wetlands/facts-maps/bioregion-wet-tropics-wet/\" target=\"_blank\">View wetland summary information</a></p>", "Shape_Leng": 0.00650121103, "Shape_Area": 1.3339e-06 }, "geometry": { "type": "MultiPolygon", "coordinates": [ [ [ [ 146.5103, -18.77519, 0.0 ], [ 146.51195, -18.77693, 0.0 ], [ 146.51183, -18.77779, 0.0 ], [ 146.51143, -18.77779, 0.0 ], [ 146.5103, -18.77519, 0.0 ] ] ] ] } },
{ "type": "Feature", "properties": { "Name": "Wet Tropics (WET)", "FolderPath": "Wet Tropics (WET) bioregion", "SymbolID": 0, "AltMode": 0, "Base": 0.0, "Clamped": -1, "Extruded": 0, "Snippet": null, "PopupInfo": "<p><a href=\"https://wetlandinfo.des.qld.gov.au/wetlands/facts-maps/bioregion-wet-tropics-wet/\" target=\"_blank\">View wetland summary information</a></p>", "Shape_Leng": 0.00066816086, "Shape_Area": 2.7e-08 }, "geometry": { "type": "MultiPolygon", "coordinates": [ [ [ [ 146.51597, -18.68006, 0.0 ], [ 146.516030000000114, -18.67989, 0.0 ], [ 146.51615, -18.67994, 0.0 ], [ 146.516120000000114, -18.68013, 0.0 ], [ 146.51597, -18.68006, 0.0 ] ] ] ] } },
{ "type": "Feature", "properties": { "Name": "Wet Tropics (WET)", "FolderPath": "Wet Tropics (WET) bioregion", "SymbolID": 0, "AltMode": 0, "Base": 0.0, "Clamped": -1, "Extruded": 0, "Snippet": null, "PopupInfo": "<p><a href=\"https://wetlandinfo.des.qld.gov.au/wetlands/facts-maps/bioregion-wet-tropics-wet/\" target=\"_blank\">View wetland summary information</a></p>", "Shape_Leng": 0.02336568081, "Shape_Area": 3.100555e-05 }, "geometry": { "type": "MultiPolygon", "coordinates": [ [ [ [ 146.5164, -18.77049, 0.0 ], [ 146.516660000000115, -18.765, 0.0 ], [ 146.52201, -18.76894, 0.0 ], [ 146.52258, -18.77089, 0.0 ], [ 146.52084, -18.77398, 0.0 ], [ 146.5164, -18.77049, 0.0 ] ] ] ] } },
{ "type": "Feature", "properties": { "Name": "Wet Tropics (WET)", "FolderPath": "Wet Tropics (WET) bioregion", "SymbolID": 0, "AltMode": 0, "Base": 0.0, "Clamped": -1, "Extruded": 0, "Snippet": null, "PopupInfo": "<p><a href=\"https://wetlandinfo.des.qld.gov.au/wetlands/facts-maps/bioregion-wet-tropics-wet/\" target=\"_blank\">View wetland summary information</a></p>", "Shape_Leng": 0.00621906967, "Shape_Area": 1.87335e-06 }, "geometry": { "type": "MultiPolygon", "coordinates": [ [ [ [ 146.526210000000106, -18.82722, 0.0 ], [ 146.52628, -18.82663, 0.0 ], [ 146.528050000000121, -18.82745, 0.0 ], [ 146.52775, -18.82885, 0.0 ], [ 146.526210000000106, -18.82722, 0.0 ] ] ] ] } },
{ "type": "Feature", "properties": { "Name": "Wet Tropics (WET)", "FolderPath": "Wet Tropics (WET) bioregion", "SymbolID": 0, "AltMode": 0, "Base": 0.0, "Clamped": -1, "Extruded": 0, "Snippet": null, "PopupInfo": "<p><a href=\"https://wetlandinfo.des.qld.gov.au/wetlands/facts-maps/bioregion-wet-tropics-wet/\" target=\"_blank\">View wetland summary information</a></p>", "Shape_Leng": 0.02562272528, "Shape_Area": 2.06162e-05 }, "geometry": { "type": "MultiPolygon", "coordinates": [ [ [ [ 146.52903, -18.76456, 0.0 ], [ 146.533680000000118, -18.76708, 0.0 ], [ 146.53762, -18.77344, 0.0 ], [ 146.53279, -18.77096, 0.0 ], [ 146.52903, -18.76456, 0.0 ] ] ] ] } },
{ "type": "Feature", "properties": { "Name": "Wet Tropics (WET)", "FolderPath": "Wet Tropics (WET) bioregion", "SymbolID": 0, "AltMode": 0, "Base": 0.0, "Clamped": -1, "Extruded": 0, "Snippet": null, "PopupInfo": "<p><a href=\"https://wetlandinfo.des.qld.gov.au/wetlands/facts-maps/bioregion-wet-tropics-wet/\" target=\"_blank\">View wetland summary information</a></p>", "Shape_Leng": 0.06144705347, "Shape_Area": 0.00013164745 }, "geometry": { "type": "MultiPolygon", "coordinates": [ [ [ [ 146.53194, -18.83516, 0.0 ], [ 146.5372, -18.83216, 0.0 ], [ 146.543320000000108, -18.83747, 0.0 ], [ 146.549850000000106, -18.83867, 0.0 ], [ 146.55104, -18.8441, 0.0 ], [ 146.5499, -18.84865, 0.0 ], [ 146.54259, -18.84423, 0.0 ], [ 146.54445, -18.84409, 0.0 ], [ 146.538730000000101, -18.84196, 0.0 ], [ 146.540440000000103, -18.8432, 0.0 ], [ 146.539670000000115, -18.8429, 0.0 ], [ 146.53419, -18.83774, 0.0 ], [ 146.53194, -18.83516, 0.0 ] ] ] ] } },
{ "type": "Feature", "properties": { "Name": "Wet Tropics (WET)", "FolderPath": "Wet Tropics (WET) bioregion", "SymbolID": 0, "AltMode": 0, "Base": 0.0, "Clamped": -1, "Extruded": 0, "Snippet": null, "PopupInfo": "<p><a href=\"https://wetlandinfo.des.qld.gov.au/wetlands/facts-maps/bioregion-wet-tropics-wet/\" target=\"_blank\">View wetland summary information</a></p>", "Shape_Leng": 0.03637831032, "Shape_Area": 4.262905e-05 }, "geometry": { "type": "MultiPolygon", "coordinates": [ [ [ [ 146.53543, -18.7789, 0.0 ], [ 146.53597, -18.77764, 0.0 ], [ 146.54018, -18.77965, 0.0 ], [ 146.54477, -18.78505, 0.0 ], [ 146.54811, -18.78916, 0.0 ], [ 146.5414, -18.78785, 0.0 ], [ 146.53801, -18.78052, 0.0 ], [ 146.53543, -18.7789, 0.0 ] ] ] ] } },
{ "type": "Feature", "properties": { "Name": "Wet Tropics (WET)", "FolderPath": "Wet Tropics (WET) bioregion", "SymbolID": 0, "AltMode": 0, "Base": 0.0, "Clamped": -1, "Extruded": 0, "Snippet": null, "PopupInfo": "<p><a href=\"https://wetlandinfo.des.qld.gov.au/wetlands/facts-maps/bioregion-wet-tropics-wet/\" target=\"_blank\">View wetland summary information</a></p>", "Shape_Leng": 0.10024425206, "Shape_Area": 0.0003923022 }, "geometry": { "type": "MultiPolygon", "coordinates": [ [ [ [ 146.53862, -18.65911, 0.0 ], [ 146.5416, -18.65458, 0.0 ], [ 146.546700000000101, -18.65198, 0.0 ], [ 146.5579, -18.65956, 0.0 ], [ 146.56458, -18.66899, 0.0 ], [ 146.56806, -18.66954, 0.0 ], [ 146.56168, -18.67679, 0.0 ], [ 146.55733, -18.68762, 0.0 ], [ 146.555390000000102, -18.68783, 0.0 ], [ 146.55495, -18.68393, 0.0 ], [ 146.55176, -18.68137, 0.0 ], [ 146.55275, -18.67465, 0.0 ], [ 146.54436, -18.66042, 0.0 ], [ 146.53862, -18.65911, 0.0 ] ] ] ] } },
{ "type": "Feature", "properties": { "Name": "Wet Tropics (WET)", "FolderPath": "Wet Tropics (WET) bioregion", "SymbolID": 0, "AltMode": 0, "Base": 0.0, "Clamped": -1, "Extruded": 0, "Snippet": null, "PopupInfo": "<p><a href=\"https://wetlandinfo.des.qld.gov.au/wetlands/facts-maps/bioregion-wet-tropics-wet/\" target=\"_blank\">View wetland summary information</a></p>", "Shape_Leng": 0.00393185576, "Shape_Area": 2.591e-07 }, "geometry": { "type": "MultiPolygon", "coordinates": [ [ [ [ 146.54079, -18.84325, 0.0 ], [ 146.54099, -18.84321, 0.0 ], [ 146.54137, -18.84328, 0.0 ], [ 146.54247, -18.84418, 0.0 ], [ 146.54079, -18.84325, 0.0 ] ] ] ] } },
{ "type": "Feature", "properties": { "Name": "Wet Tropics (WET)", "FolderPath": "Wet Tropics (WET) bioregion", "SymbolID": 0, "AltMode": 0, "Base": 0.0, "Clamped": -1, "Extruded": 0, "Snippet": null, "PopupInfo": "<p><a href=\"https://wetlandinfo.des.qld.gov.au/wetlands/facts-maps/bioregion-wet-tropics-wet/\" target=\"_blank\">View wetland summary information</a></p>", "Shape_Leng": 0.01605055216, "Shape_Area": 1.07258e-05 }, "geometry": { "type": "MultiPolygon", "coordinates": [ [ [ [ 146.54861, -18.76875, 0.0 ], [ 146.5533, -18.76987, 0.0 ], [ 146.55429, -18.77343, 0.0 ], [ 146.55135, -18.77204, 0.0 ], [ 146.54861, -18.76875, 0.0 ] ] ] ] } },
{ "type": "Feature", "properties": { "Name": "Wet Tropics (WET)", "FolderPath": "Wet Tropics (WET) bioregion", "SymbolID": 0, "AltMode": 0, "Base": 0.0, "Clamped": -1, "Extruded": 0, "Snippet": null, "PopupInfo": "<p><a href=\"https://wetlandinfo.des.qld.gov.au/wetlands/facts-maps/bioregion-wet-tropics-wet/\" target=\"_blank\">View wetland summary information</a></p>", "Shape_Leng": 0.00067380033, "Shape_Area": 2.73e-08 }, "geometry": { "type": "MultiPolygon", "coordinates": [ [ [ [ 146.55123, -18.76916, 0.0 ], [ 146.55127, -18.76899, 0.0 ], [ 146.55145, -18.76911, 0.0 ], [ 146.55135, -18.76922, 0.0 ], [ 146.55123, -18.76916, 0.0 ] ] ] ] } },
{ "type": "Feature", "properties": { "Name": "Wet Tropics (WET)", "FolderPath": "Wet Tropics (WET) bioregion", "SymbolID": 0, "AltMode": 0, "Base": 0.0, "Clamped": -1, "Extruded": 0, "Snippet": null, "PopupInfo": "<p><a href=\"https://wetlandinfo.des.qld.gov.au/wetlands/facts-maps/bioregion-wet-tropics-wet/\" target=\"_blank\">View wetland summary information</a></p>", "Shape_Leng": 0.49355449635999998, "Shape_Area": 0.00477586965 }, "geometry": { "type": "MultiPolygon", "coordinates": [ [ [ [ 146.56661, -18.75065, 0.0 ], [ 146.57204, -18.75116, 0.0 ], [ 146.57422, -18.74934, 0.0 ], [ 146.5764, -18.74976, 0.0 ], [ 146.57674, -18.74878, 0.0 ], [ 146.57666, -18.74748, 0.0 ], [ 146.57527, -18.74482, 0.0 ], [ 146.57608, -18.74232, 0.0 ], [ 146.574660000000108, -18.74075, 0.0 ], [ 146.57631, -18.73864, 0.0 ], [ 146.57811, -18.72552, 0.0 ], [ 146.58125, -18.72249, 0.0 ], [ 146.58406, -18.7157, 0.0 ], [ 146.58567, -18.71639, 0.0 ], [ 146.58516, -18.71505, 0.0 ], [ 146.58824, -18.71402, 0.0 ], [ 146.58815, -18.71175, 0.0 ], [ 146.59084, -18.71134, 0.0 ], [ 146.58554, -18.70975, 0.0 ], [ 146.58612, -18.70694, 0.0 ], [ 146.57994, -18.69754, 0.0 ], [ 146.579660000000104, -18.69064, 0.0 ], [ 146.57219, -18.68261, 0.0 ], [ 146.57243, -18.67689, 0.0 ], [ 146.57429, -18.67623, 0.0 ], [ 146.5769, -18.67648, 0.0 ], [ 146.57827, -18.68126, 0.0 ], [ 146.58341, -18.68505, 0.0 ], [ 146.58901, -18.68472, 0.0 ], [ 146.59307, -18.68131, 0.0 ], [ 146.595420000000104, -18.68181, 0.0 ], [ 146.59648, -18.68505, 0.0 ], [ 146.59292, -18.68963, 0.0 ], [ 146.5968, -18.69719, 0.0 ], [ 146.600280000000112, -18.6997, 0.0 ], [ 146.60428, -18.69953, 0.0 ], [ 146.60684, -18.70167, 0.0 ], [ 146.61755, -18.7049, 0.0 ], [ 146.62405, -18.71524, 0.0 ], [ 146.63497, -18.72797, 0.0 ], [ 146.63613, -18.73314, 0.0 ], [ 146.63456, -18.73999, 0.0 ], [ 146.64164, -18.74963, 0.0 ], [ 146.64289, -18.7503, 0.0 ], [ 146.6473, -18.7506, 0.0 ], [ 146.66532, -18.74679, 0.0 ], [ 146.67198, -18.74355, 0.0 ], [ 146.674940000000106, -18.74035, 0.0 ], [ 146.68443, -18.73732, 0.0 ], [ 146.688180000000102, -18.73912, 0.0 ], [ 146.68967, -18.74176, 0.0 ], [ 146.68744, -18.75257, 0.0 ], [ 146.69382, -18.75524, 0.0 ], [ 146.69455, -18.76117, 0.0 ], [ 146.690110000000118, -18.76099, 0.0 ], [ 146.69086, -18.75762, 0.0 ], [ 146.68865, -18.75613, 0.0 ], [ 146.687, -18.75886, 0.0 ], [ 146.68413, -18.75946, 0.0 ], [ 146.683720000000108, -18.76341, 0.0 ], [ 146.68211, -18.76482, 0.0 ], [ 146.67752, -18.76557, 0.0 ], [ 146.67581, -18.76172, 0.0 ], [ 146.670750000000112, -18.76323, 0.0 ], [ 146.6673, -18.76779, 0.0 ], [ 146.664990000000103, -18.76783, 0.0 ], [ 146.6622, -18.77113, 0.0 ], [ 146.64749, -18.77658, 0.0 ], [ 146.642880000000105, -18.77533, 0.0 ], [ 146.63187, -18.7618, 0.0 ], [ 146.62334, -18.76032, 0.0 ], [ 146.617980000000102, -18.76107, 0.0 ], [ 146.6165, -18.76454, 0.0 ], [ 146.61025, -18.75769, 0.0 ], [ 146.60626, -18.75871, 0.0 ], [ 146.60423, -18.76117, 0.0 ], [ 146.59408, -18.75741, 0.0 ], [ 146.590910000000122, -18.75693, 0.0 ], [ 146.59159000000011, -18.75771, 0.0 ], [ 146.58949, -18.75712, 0.0 ], [ 146.5885, -18.75752, 0.0 ], [ 146.58525, -18.76008, 0.0 ], [ 146.58505, -18.76216, 0.0 ], [ 146.582000000000107, -18.76207, 0.0 ], [ 146.57967, -18.76462, 0.0 ], [ 146.58203, -18.77189, 0.0 ], [ 146.57004, -18.7646, 0.0 ], [ 146.56795000000011, -18.75982, 0.0 ], [ 146.57024, -18.75652, 0.0 ], [ 146.56661, -18.75065, 0.0 ] ] ] ] } },
{ "type": "Feature", "properties": { "Name": "Wet Tropics (WET)", "FolderPath": "Wet Tropics (WET) bioregion", "SymbolID": 0, "AltMode": 0, "Base": 0.0, "Clamped": -1, "Extruded": 0, "Snippet": null, "PopupInfo": "<p><a href=\"https://wetlandinfo.des.qld.gov.au/wetlands/facts-maps/bioregion-wet-tropics-wet/\" target=\"_blank\">View wetland summary information</a></p>", "Shape_Leng": 0.0007501786, "Shape_Area": 2.825e-08 }, "geometry": { "type": "MultiPolygon", "coordinates": [ [ [ [ 146.576190000000111, -18.74923, 0.0 ], [ 146.57645, -18.74933, 0.0 ], [ 146.57644, -18.74943, 0.0 ], [ 146.57623, -18.74938, 0.0 ], [ 146.576190000000111, -18.74923, 0.0 ] ] ] ] } },
{ "type": "Feature", "properties": { "Name": "Wet Tropics (WET)", "FolderPath": "Wet Tropics (WET) bioregion", "SymbolID": 0, "AltMode": 0, "Base": 0.0, "Clamped": -1, "Extruded": 0, "Snippet": null, "PopupInfo": "<p><a href=\"https://wetlandinfo.des.qld.gov.au/wetlands/facts-maps/bioregion-wet-tropics-wet/\" target=\"_blank\">View wetland summary information</a></p>", "Shape_Leng": 0.00138071798, "Shape_Area": 1.1455e-07 }, "geometry": { "type": "MultiPolygon", "coordinates": [ [ [ [ 146.58823, -18.75832, 0.0 ], [ 146.58841, -18.75808, 0.0 ], [ 146.58876, -18.75823, 0.0 ], [ 146.5886, -18.75848, 0.0 ], [ 146.58823, -18.75832, 0.0 ] ] ] ] } },
{ "type": "Feature", "properties": { "Name": "Wet Tropics (WET)", "FolderPath": "Wet Tropics (WET) bioregion", "SymbolID": 0, "AltMode": 0, "Base": 0.0, "Clamped": -1, "Extruded": 0, "Snippet": null, "PopupInfo": "<p><a href=\"https://wetlandinfo.des.qld.gov.au/wetlands/facts-maps/bioregion-wet-tropics-wet/\" target=\"_blank\">View wetland summary information</a></p>", "Shape_Leng": 0.06512537575000001, "Shape_Area": 0.0001644578 }, "geometry": { "type": "MultiPolygon", "coordinates": [ [ [ [ 146.596680000000106, -19.03486, 0.0 ], [ 146.59889, -19.03367, 0.0 ], [ 146.59966, -19.03002, 0.0 ], [ 146.609240000000113, -19.03052, 0.0 ], [ 146.61311000000012, -19.02868, 0.0 ], [ 146.61455, -19.0252, 0.0 ], [ 146.61687, -19.02849, 0.0 ], [ 146.62055, -19.02832, 0.0 ], [ 146.62201, -19.03151, 0.0 ], [ 146.6153, -19.03798, 0.0 ], [ 146.60829, -19.03558, 0.0 ], [ 146.60179, -19.03839, 0.0 ], [ 146.596680000000106, -19.03486, 0.0 ] ] ] ] } },
{ "type": "Feature", "properties": { "Name": "Wet Tropics (WET)", "FolderPath": "Wet Tropics (WET) bioregion", "SymbolID": 0, "AltMode": 0, "Base": 0.0, "Clamped": -1, "Extruded": 0, "Snippet": null, "PopupInfo": "<p><a href=\"https://wetlandinfo.des.qld.gov.au/wetlands/facts-maps/bioregion-wet-tropics-wet/\" target=\"_blank\">View wetland summary information</a></p>", "Shape_Leng": 0.00048228219, "Shape_Area": 1.44e-08 }, "geometry": { "type": "MultiPolygon", "coordinates": [ [ [ [ 146.62483, -18.71539, 0.0 ], [ 146.62486, -18.71528, 0.0 ], [ 146.62499, -18.71531, 0.0 ], [ 146.62494, -18.71542, 0.0 ], [ 146.62483, -18.71539, 0.0 ] ] ] ] } },
{ "type": "Feature", "properties": { "Name": "Wet Tropics (WET)", "FolderPath": "Wet Tropics (WET) bioregion", "SymbolID": 0, "AltMode": 0, "Base": 0.0, "Clamped": -1, "Extruded": 0, "Snippet": null, "PopupInfo": "<p><a href=\"https://wetlandinfo.des.qld.gov.au/wetlands/facts-maps/bioregion-wet-tropics-wet/\" target=\"_blank\">View wetland summary information</a></p>", "Shape_Leng": 0.04525384475, "Shape_Area": 7.84572e-05 }, "geometry": { "type": "MultiPolygon", "coordinates": [ [ [ [ 146.628420000000119, -19.03356, 0.0 ], [ 146.62962, -19.02982, 0.0 ], [ 146.63272, -19.02712, 0.0 ], [ 146.63152, -19.02495, 0.0 ], [ 146.63283, -19.02216, 0.0 ], [ 146.63597, -19.02431, 0.0 ], [ 146.63575, -19.02859, 0.0 ], [ 146.64293, -19.03102, 0.0 ], [ 146.64269, -19.0324, 0.0 ], [ 146.64057, -19.03359, 0.0 ], [ 146.628420000000119, -19.03356, 0.0 ] ] ] ] } },
{ "type": "Feature", "properties": { "Name": "Wet Tropics (WET)", "FolderPath": "Wet Tropics (WET) bioregion", "SymbolID": 0, "AltMode": 0, "Base": 0.0, "Clamped": -1, "Extruded": 0, "Snippet": null, "PopupInfo": "<p><a href=\"https://wetlandinfo.des.qld.gov.au/wetlands/facts-maps/bioregion-wet-tropics-wet/\" target=\"_blank\">View wetland summary information</a></p>", "Shape_Leng": 0.02441586551, "Shape_Area": 2.50081e-05 }, "geometry": { "type": "MultiPolygon", "coordinates": [ [ [ [ 146.6324, -18.96389, 0.0 ], [ 146.63286, -18.96227, 0.0 ], [ 146.6348, -18.96249, 0.0 ], [ 146.64055, -18.96006, 0.0 ], [ 146.64295, -18.96272, 0.0 ], [ 146.63616, -18.96477, 0.0 ], [ 146.6324, -18.96389, 0.0 ] ] ] ] } },
{ "type": "Feature", "properties": { "Name": "Wet Tropics (WET)", "FolderPath": "Wet Tropics (WET) bioregion", "SymbolID": 0, "AltMode": 0, "Base": 0.0, "Clamped": -1, "Extruded": 0, "Snippet": null, "PopupInfo": "<p><a href=\"https://wetlandinfo.des.qld.gov.au/wetlands/facts-maps/bioregion-wet-tropics-wet/\" target=\"_blank\">View wetland summary information</a></p>", "Shape_Leng": 0.00158038219, "Shape_Area": 7.305e-08 }, "geometry": { "type": "MultiPolygon", "coordinates": [ [ [ [ 146.6459, -18.75049, 0.0 ], [ 146.64599, -18.75038, 0.0 ], [ 146.64659, -18.75031, 0.0 ], [ 146.64661, -18.75043, 0.0 ], [ 146.6459, -18.75049, 0.0 ] ] ] ] } },
{ "type": "Feature", "properties": { "Name": "Wet Tropics (WET)", "FolderPath": "Wet Tropics (WET) bioregion", "SymbolID": 0, "AltMode": 0, "Base": 0.0, "Clamped": -1, "Extruded": 0, "Snippet": null, "PopupInfo": "<p><a href=\"https://wetlandinfo.des.qld.gov.au/wetlands/facts-maps/bioregion-wet-tropics-wet/\" target=\"_blank\">View wetland summary information</a></p>", "Shape_Leng": 0.00107804828, "Shape_Area": 3.385e-08 }, "geometry": { "type": "MultiPolygon", "coordinates": [ [ [ [ 146.64688, -18.75044, 0.0 ], [ 146.64701, -18.75038, 0.0 ], [ 146.647380000000112, -18.75055, 0.0 ], [ 146.64694, -18.7505, 0.0 ], [ 146.64688, -18.75044, 0.0 ] ] ] ] } },
{ "type": "Feature", "properties": { "Name": "Wet Tropics (WET)", "FolderPath": "Wet Tropics (WET) bioregion", "SymbolID": 0, "AltMode": 0, "Base": 0.0, "Clamped": -1, "Extruded": 0, "Snippet": null, "PopupInfo": "<p><a href=\"https://wetlandinfo.des.qld.gov.au/wetlands/facts-maps/bioregion-wet-tropics-wet/\" target=\"_blank\">View wetland summary information</a></p>", "Shape_Leng": 0.00734072429, "Shape_Area": 2.00795e-06 }, "geometry": { "type": "MultiPolygon", "coordinates": [ [ [ [ 146.66469, -18.77764, 0.0 ], [ 146.6672, -18.77605, 0.0 ], [ 146.66753, -18.77611, 0.0 ], [ 146.66783, -18.77654, 0.0 ], [ 146.66717, -18.7773, 0.0 ], [ 146.66469, -18.77764, 0.0 ] ] ] ] } },
{ "type": "Feature", "properties": { "Name": "Wet Tropics (WET)", "FolderPath": "Wet Tropics (WET) bioregion", "SymbolID": 0, "AltMode": 0, "Base": 0.0, "Clamped": -1, "Extruded": 0, "Snippet": null, "PopupInfo": "<p><a href=\"https://wetlandinfo.des.qld.gov.au/wetlands/facts-maps/bioregion-wet-tropics-wet/\" target=\"_blank\">View wetland summary information</a></p>", "Shape_Leng": 0.0033299418, "Shape_Area": 4.667e-07 }, "geometry": { "type": "MultiPolygon", "coordinates": [ [ [ [ 146.68375, -18.99679, 0.0 ], [ 146.684210000000121, -18.99614, 0.0 ], [ 146.68494, -18.99587, 0.0 ], [ 146.68494, -18.99636, 0.0 ], [ 146.68375, -18.99679, 0.0 ] ] ] ] } },
{ "type": "Feature", "properties": { "Name": "Wet Tropics (WET)", "FolderPath": "Wet Tropics (WET) bioregion", "SymbolID": 0, "AltMode": 0, "Base": 0.0, "Clamped": -1, "Extruded": 0, "Snippet": null, "PopupInfo": "<p><a href=\"https://wetlandinfo.des.qld.gov.au/wetlands/facts-maps/bioregion-wet-tropics-wet/\" target=\"_blank\">View wetland summary information</a></p>", "Shape_Leng": 0.00303470068, "Shape_Area": 4.76e-07 }, "geometry": { "type": "MultiPolygon", "coordinates": [ [ [ [ 146.71736, -18.77182, 0.0 ], [ 146.7177, -18.77166, 0.0 ], [ 146.71855, -18.77231, 0.0 ], [ 146.71787, -18.77253, 0.0 ], [ 146.71736, -18.77182, 0.0 ] ] ] ] } }
]
}
